stock_no,2019-04-15,2019-04-16,2019-04-17,2019-04-18,2019-04-19,2019-04-22,2019-04-23,2019-04-24,2019-04-25,2019-04-26,2019-04-29,2019-04-30,2019-05-06,2019-05-07,2019-05-08,2019-05-09,2019-05-10,2019-05-13,2019-05-14,2019-05-15,2019-05-16
s600146,13.71,13.7,14.17,14.67,14.26,14.25,13.83,13.51,13.51,13.55,12.2,10.98,9.88,10.48,11.53,11.25,11.59,12.75,13.35,14.69,14.1
s600217,20.918,22.522,23.176,21.769,21.802,23.307,23.733,23.438,22.096,22.227,21.376,21.441,19.314,19.117,19.248,18.79,19.281,19.248,19.576,20.296,20.361
s600262,27.026,27.085,27.096,27.143,28.757,29.453,28.039,27.497,26.472,26.236,26.024,25.423,22.879,22.525,23.374,23.209,23.574,23.456,23.22,23.338,23.421
s600354,10.893,11.097,11.3,11.3,11.255,11.503,10.735,10.961,10.351,9.899,9.379,9.605,9.628,10.599,10.735,11.142,10.938,12.023,11.82,12.43,12.385
s600425,22.058,22.408,22.277,23.544,23.5,22.495,21.491,21.753,20.049,19.7,18.171,17.909,16.118,16.162,15.943,15.943,16.511,16.598,16.249,16.555,18.215
s600449,28.646,29.282,29.022,29.138,29.08,27.98,27.199,27.459,26.302,26.331,25.087,25.145,23.322,23.698,23.611,23.698,24.334,24.161,23.785,24.248,25.058
s600509,26.515,26.422,25.907,26.515,27.17,26.234,28.853,27.591,24.878,23.85,21.979,22.54,20.67,21.184,21.371,21.044,21.792,22.353,21.932,24.13,26.562
s600545,25.876,26.03,25.907,25.907,25.258,25.042,24.579,24.764,23.9,24.27,23.745,23.807,22.325,22.788,22.541,22.541,23.066,22.387,22.695,22.757,22.757
s600706,20.979,20.873,21.054,20.979,21.205,21.81,20.374,20.253,19.437,19.21,18.56,18.968,17.442,17.578,17.457,17.381,17.835,17.895,17.593,18.016,18.152
s600720,74.396,75.966,75.801,77.041,76.297,72.991,70.263,70.841,67.204,66.047,64.807,65.138,60.178,61.749,61.914,63.484,65.716,65.964,65.055,66.295,68.444
s600738,46.739,47.531,47.161,49.485,53.182,51.017,48.799,50.383,46.686,47.161,46.845,45.419,40.877,40.56,40.296,40.032,41.194,42.514,42.461,44.574,44.362
s600778,19.376,19.847,20.729,19.7,18.965,18.994,18.671,17.936,18.494,18.23,17.847,18.729,18.729,17.347,18.171,17.847,19.641,21.611,20.229,20.494,20.111
s600785,82.952,82.86,83.643,82.584,82.814,81.939,80.973,81.433,83.551,81.571,77.474,77.382,73.239,73.423,75.034,74.896,75.955,75.633,75.265,75.817,75.955
s600967,46.338,46.146,45.953,46.3,46.492,46.03,44.989,45.259,42.869,42.792,42.098,43.1,39.746,40.633,40.671,40.903,41.905,41.288,41.327,41.789,42.059
s600984,9.759,9.579,9.827,9.69,9.91,10.158,9.855,9.869,9.552,9.745,9.125,9.29,8.808,8.945,9.028,9.028,9.125,9.235,9.097,9.207,9.304
s000159,24.63,23.894,24.695,27.165,29.872,31.41,28.269,25.995,23.417,23.785,22.117,21.836,19.648,20.471,19.886,19.929,21.142,20.709,20.969,22.269,22.096
s000498,12.536,13.024,12.963,12.983,13.572,13.227,12.719,12.841,12.841,12.231,12.13,12.231,11.175,11.216,10.911,10.87,11.175,11.012,10.911,11.053,11.155
s000564,9.112,9.185,9.307,9.087,9.185,9.063,8.745,8.818,8.354,8.379,8.599,8.403,7.573,7.524,7.524,7.499,7.695,7.573,7.524,7.67,7.67
s000610,33.587,33.815,34.885,36.866,37.413,41.147,37.026,34.976,32.745,31.538,28.396,28.988,26.096,25.413,24.957,24.616,25.913,26.232,25.709,27.325,27.416
s000635,31.938,32.117,32.475,31.58,32.296,31.311,30.117,31.132,29.132,29.461,28.923,28.983,26.326,26.714,26.565,26.386,27.222,26.685,26.535,27.282,27.61
s000672,39.37,40.465,40.199,40.909,39.933,38.186,38.068,38.009,36.292,37.12,36.854,37.061,33.45,34.249,33.657,33.953,35.344,34.812,34.723,35.936,37.268
s000721,18.399,18.529,18.626,18.917,18.787,19.822,18.464,18.108,17.009,16.685,15.554,16.006,14.648,14.81,14.842,14.81,15.295,15.424,15.036,15.424,15.489
s000779,19.909,19.513,19.605,19.346,19.285,19.27,18.754,19.301,19.149,18.434,17.386,17.447,16.535,16.854,17.051,16.671,17.021,16.945,16.808,17.051,17.143
s000812,27.486,27.716,28.004,28.579,28.291,27.371,27.486,27.199,25.761,27.486,24.956,25.704,23.116,22.829,22.254,22.081,22.541,22.139,21.909,22.369,22.829
s000862,14.575,13.935,13.857,13.158,13.255,14.09,14.245,14.4,13.915,12.518,11.276,10.868,9.781,10.131,10.189,10.499,10.732,10.383,10.402,11.45,11.353
s000877,58.061,59.386,58.771,61.61,61.09,58.298,55.364,56.263,52.951,52.241,50.822,51.579,46.421,47.32,47.746,47.935,48.739,49.639,48.881,49.733,52.62
s000929,14.741,14.826,14.894,14.877,15.046,14.995,14.622,14.944,14.487,14.131,13.606,13.86,12.657,13.267,13.047,13.165,13.928,14.046,13.606,13.877,14.063
s000982,25.901,27.196,28.62,27.196,28.62,30.045,31.599,30.822,29.268,27.843,26.419,26.807,25.512,24.217,23.052,22.145,23.311,24.476,25.642,26.937,28.232
s002207,15.23,15.251,15.662,15.846,15.662,15.23,15.189,15.641,15.189,15.374,15.066,15.107,14.348,14.492,14.122,14.081,14.738,14.307,14.019,14.184,14.225
s002302,60.081,61.626,61.3,65.04,65.935,63.983,61.097,61.179,55.122,53.821,50.325,50.731,45.65,45.731,45.772,45.366,47.073,47.927,46.666,47.683,49.39
s002307,37.147,37.609,37.651,39.621,39.621,38.279,36.351,36.686,33.039,31.613,29.265,29.852,26.875,27.504,27.462,27.336,28.804,29.642,28.72,29.097,30.858
s300103,63.974,66.304,67.063,68.33,66.911,61.593,58.655,59.364,53.793,53.337,50.298,50.855,45.79,45.891,46.245,46.144,48.423,53.286,51.615,52.07,52.374
s300345,25.248,25.334,26.455,27.618,28.264,27.575,27.101,27.359,26.799,26.325,26.67,26.799,24.128,24.645,24.042,24.343,25.033,27.532,27.273,29.428,30.289
s600017,11.87,11.838,11.805,11.676,11.708,11.449,11.222,11.287,10.865,10.93,10.962,11.124,10.184,10.314,10.249,10.054,10.249,10.087,9.989,10.216,10.281
s600242,12.421,12.551,13.162,12.772,12.982,12.942,12.321,12.461,11.66,11.89,11.039,11.169,10.067,10.147,10.027,10.037,10.277,10.217,10.207,10.338,10.398
s600368,9.983,10.106,10.081,10.131,10.328,10.032,9.564,9.662,9.096,10.008,11.018,12.127,13.286,13.606,12.423,11.486,12.645,13.039,12.497,13.212,14.543
s600428,21.295,21.733,21.636,21.393,21.49,21.15,20.615,20.858,19.74,19.594,18.962,19.399,17.892,18.135,18.184,17.941,18.476,18.573,18.184,18.427,18.67
s600436,586.98,590.923,596.939,589.457,592.035,588.952,587.688,586.424,581.47,551.997,561.653,582.885,549.52,566.455,548.205,526.417,540.824,550.025,539.106,554.474,560.743
s600515,12.789,12.809,12.732,12.866,12.924,12.482,11.943,12.136,11.597,11.539,10.962,11.212,10.097,10.135,10.078,9.962,10.27,10.347,10.097,10.405,10.366
s600712,27.009,27.158,28.052,29.094,29.69,28.796,27.357,27.903,26.165,27.605,27.108,27.952,25.172,23.981,24.427,24.328,24.626,24.477,23.832,24.328,24.179
s600717,117.683,118.589,117.812,117.812,117.942,117.036,114.446,114.835,110.174,108.361,106.161,106.549,98.781,100.205,99.558,98.652,100.723,99.946,98.781,100.853,101.241
s600798,29.526,29.709,30.32,29.77,29.709,29.465,28.975,28.242,26.836,25.98,25.674,26.653,23.963,23.474,23.352,22.985,23.902,24.513,24.33,24.696,24.574
s601008,10.468,10.236,10.451,10.666,10.485,10.303,9.724,9.641,9.691,8.847,8.235,8.384,7.541,7.954,8.037,7.673,8.07,8.136,7.888,8.682,8.798
s601018,6.062,6.133,6.379,6.332,6.274,6.215,6.368,6.297,6.156,6.321,6.062,6.285,5.663,5.275,5.099,4.923,5.369,5.592,5.698,5.804,5.733
s601866,3.277,3.378,3.337,3.267,3.277,3.277,3.347,3.499,3.357,3.257,3.105,3.186,2.863,2.873,2.803,2.843,2.974,3.156,3.065,3.075,3.075
s601880,6.338,6.363,6.363,6.363,6.338,6.184,6.081,6.055,5.85,5.876,5.619,5.696,5.286,5.363,5.311,5.286,5.414,5.363,5.26,5.44,5.414
s000088,38.379,39.965,39.855,38.817,40.676,39.145,37.942,37.723,36.028,35.263,33.842,33.951,30.561,30.78,30.397,29.96,31.053,30.452,30.124,30.835,30.999
s000415,76.366,81.911,80.485,78.743,79.376,77.158,74.623,73.673,70.979,70.504,68.603,69.553,63.533,64.642,64.483,64.325,66.226,64.325,63.85,65.592,66.701
s000507,32.426,32.467,32.426,32.426,32.588,31.816,31.288,31.451,30.11,29.46,28.444,28.647,26.493,26.818,26.615,26.331,27.103,26.818,26.493,27.306,27.265
s000582,36.478,37.695,39.306,39.27,39.413,38.232,37.229,37.945,35.368,34.545,31.788,34.043,31.717,31.287,30.356,30.571,31.681,31.072,30.893,32.039,31.824
s000905,19.735,20.064,22.062,22.26,21.184,20.196,20.525,20.086,18.901,18.176,17.803,18.198,16.376,16.706,16.552,16.245,16.969,16.925,16.574,17.167,17.386
s000911,13.129,13.03,12.504,13.03,12.788,12.476,11.907,12.135,11.637,11.225,10.927,11.467,11.112,11.353,11.41,10.955,11.083,11.055,10.856,10.899,10.927
s002040,24.369,24.72,24.791,23.823,23.489,23.207,23.084,22.732,22.152,21.114,19.97,20.304,18.281,18.281,18.457,17.753,18.791,19.266,18.967,20.427,19.987
s600031,427.714,439.346,435.69,437.352,436.355,405.115,408.439,409.768,394.813,396.142,408.771,407.109,378.861,402.789,393.816,394.148,413.756,405.78,397.472,403.454,403.786
s600038,113.999,115.96,116.513,115.583,113.999,113.874,108.57,109.324,107.438,105.629,105.503,106.911,99.294,100.35,101.431,101.556,104.874,104.447,103.793,105.126,106.358
s600072,50.408,51.644,52.785,56.903,55.288,52.69,47.969,46.575,44.008,42.836,41.189,43.47,40.238,42.012,43.501,41.442,44.008,43.311,42.804,43.723,43.787
s600100,197.758,200.366,197.911,195.61,194.076,188.706,183.796,176.279,158.636,158.175,153.266,159.71,149.277,152.039,153.88,152.039,158.942,151.885,151.118,152.959,153.419
s600118,378.331,384.526,388.303,388.303,385.13,380.144,367.604,371.985,356.121,356.725,343.58,348.415,313.513,316.686,318.197,319.255,343.429,344.789,347.811,352.344,356.876
s600148,43.485,43.109,44.467,43.025,41.729,39.807,38.261,38.574,36.046,35.022,34.687,35.377,31.866,32.034,32.305,31.929,33.078,32.535,32.284,32.911,33.162
s600150,66.966,64.978,66.817,73.501,78.173,74.297,66.867,63.264,62.494,59.164,57.151,57.971,52.182,52.132,52.927,51.063,53.474,51.486,51.386,52.405,52.852
s600151,23.828,23.792,23.936,24.189,23.972,23.972,22.889,23.431,22.853,21.734,20.543,20.831,18.737,18.593,19.026,18.774,19.784,19.712,19.929,20.109,20.109
s600178,9.943,10.271,10.833,10.256,10.162,9.943,9.522,9.662,9.069,8.819,8.367,8.429,7.774,7.867,7.914,7.883,8.226,8.101,8.055,8.195,8.351
s600184,40.958,41.812,41.385,41.324,41.202,40.012,38.608,38.791,36.349,36.197,34.823,35.281,31.954,32.382,32.626,32.809,34.06,33.908,34.152,35.068,35.037
s600271,409.365,418.035,414.067,422.59,414.214,411.129,405.986,408.631,385.268,373.66,369.399,374.394,346.036,346.476,344.125,341.04,355.88,349.415,345.301,348.974,351.766
s600316,73.211,75.957,75.434,75.129,74.17,71.73,69.202,69.943,66.718,67.982,64.888,65.934,59.354,58.918,60.356,61.053,63.493,61.402,61.576,62.36,64.452
s600330,30.629,31.748,31.413,30.89,31.039,32.457,31.972,31.711,30.069,29.92,27.906,28.018,25.22,25.182,24.996,25.033,26.115,26.19,25.854,26.712,28.241
s600343,26.997,26.997,26.95,26.997,26.642,26.051,25.106,25.247,23.971,23.805,23.049,23.9,21.772,22.34,22.647,23.144,24.231,24.184,24.113,24.184,24.562
s600353,35.916,36.833,36.527,38.485,37.751,41.545,38.302,37.996,34.875,34.937,32.428,33.223,29.919,30.592,30.348,30.409,32.55,32.0,31.571,32.306,32.55
s600363,26.254,26.741,28.008,27.399,27.935,26.79,25.84,26.205,24.647,24.622,23.551,23.234,20.921,20.994,20.945,20.872,21.822,21.505,21.286,21.651,21.919
s600372,36.867,37.266,37.576,38.196,38.263,38.507,36.934,37.067,35.782,35.294,33.788,33.898,31.727,32.259,32.458,32.702,33.898,33.211,33.367,33.588,33.898
s600391,34.306,34.927,35.147,35.368,35.167,34.306,32.843,33.184,31.5,31.52,28.996,29.396,28.034,28.254,28.314,28.354,29.737,29.156,29.677,29.837,30.398
s600399,11.578,11.809,11.707,11.501,11.732,11.373,10.808,10.834,10.32,10.269,9.781,10.269,9.756,9.525,9.139,9.062,9.191,8.908,8.6,8.677,8.754
s600416,19.2,19.357,19.775,20.142,20.848,19.802,18.86,19.148,18.101,18.127,17.343,17.107,15.956,16.009,15.93,15.695,16.375,16.009,16.061,16.27,17.892
s600435,106.521,109.253,108.949,110.871,109.86,106.218,102.172,102.374,97.619,97.417,92.157,93.371,85.986,87.503,88.818,88.11,93.269,91.55,91.954,92.865,95.192
s600456,47.997,49.984,49.653,49.88,48.618,47.148,47.314,46.983,46.465,46.527,46.817,47.935,43.133,42.181,41.332,41.188,42.305,43.009,42.492,43.175,45.534
s600480,17.154,17.431,18.091,17.63,17.584,17.124,16.863,17.001,16.049,16.018,15.265,15.542,14.021,13.975,13.96,14.129,14.728,14.436,14.421,14.62,14.835
s600482,57.335,58.096,59.357,59.661,59.074,59.727,55.726,55.857,52.943,51.682,50.008,51.747,47.616,47.921,48.377,48.181,49.247,49.138,48.703,48.747,48.747
s600495,32.123,32.958,33.404,32.791,32.958,32.29,30.787,31.232,29.34,28.95,27.558,27.948,25.442,25.888,25.777,25.61,26.445,26.834,26.222,26.667,27.001
s600501,38.027,38.443,38.292,38.443,37.801,36.856,35.646,35.608,33.68,33.605,32.055,33.416,32.168,31.639,31.79,31.828,32.811,32.055,32.282,32.66,33.151
s600523,21.635,23.063,22.663,23.554,25.243,24.828,23.047,23.124,21.896,21.988,20.821,21.051,18.948,18.656,18.579,18.61,19.854,19.331,19.562,19.807,20.268
s600562,92.17,93.633,93.841,96.296,95.617,93.371,88.828,90.029,85.59,86.478,82.614,82.248,87.523,83.554,80.003,79.689,82.771,80.995,80.995,82.196,82.666
s600565,41.739,43.464,43.722,42.774,43.032,41.48,41.48,41.394,39.152,40.273,38.117,38.289,34.581,35.012,34.236,34.409,35.357,34.495,33.977,34.754,35.185
s600590,33.87,34.616,34.573,35.056,34.529,34.177,32.42,32.64,32.552,33.299,31.058,31.322,28.203,28.247,27.895,27.983,29.213,29.037,29.125,29.916,30.751
s600592,27.569,27.645,27.847,27.569,27.974,27.518,26.379,25.822,25.341,24.885,24.126,24.253,22.278,23.797,23.999,24.126,25.215,25.392,25.265,25.544,27.847
s600602,47.948,49.328,50.218,48.304,48.794,46.924,47.547,47.636,44.03,45.188,42.071,43.407,39.088,38.955,39.266,38.064,40.825,40.068,39.311,40.201,39.044
s600614,68.154,70.028,70.324,68.352,67.859,67.957,65.195,65.294,60.363,60.363,57.305,54.445,51.683,49.119,46.653,44.286,42.116,40.044,38.072,36.198,34.422
s600634,23.78,24.95,26.194,25.097,25.536,24.292,23.048,21.877,20.78,19.755,19.316,20.267,19.243,20.194,19.243,18.292,18.438,17.487,16.609,16.17,16.682
s600677,81.821,85.363,85.312,83.541,83.49,83.946,80.657,81.517,76.659,75.394,71.043,78.127,76.811,79.24,78.633,81.821,90.018,90.372,99.429,99.328,100.441
s600685,28.629,28.963,29.153,31.346,30.917,29.662,26.834,26.691,25.42,24.197,23.545,24.117,21.702,22.052,22.29,21.893,22.703,22.306,22.084,22.37,22.417
s600698,15.181,15.101,15.181,14.74,14.539,14.619,13.896,13.856,13.896,14.057,13.776,14.097,13.374,12.772,12.732,12.772,12.972,12.611,11.968,12.049,12.25
s600760,121.86,123.424,123.275,126.478,125.287,124.169,120.519,119.626,115.082,113.108,113.89,114.337,103.834,104.505,106.59,110.24,112.065,114.263,112.363,113.033,114.151
s600764,190.875,197.102,199.22,204.264,202.396,200.278,190.563,190.563,180.599,177.735,170.635,173.064,160.796,160.609,161.668,162.602,170.324,167.148,166.151,168.082,170.386
s600765,74.86,76.86,77.619,77.688,77.343,76.653,73.48,73.549,70.375,69.409,66.097,66.994,60.371,61.613,61.82,62.096,64.993,64.096,64.027,64.855,66.028
s600850,128.745,132.307,131.747,137.294,137.853,135.614,129.813,131.136,121.875,120.857,113.478,114.547,103.097,103.963,104.777,103.81,110.069,106.914,105.795,107.983,106.252
s600855,11.41,11.676,11.683,11.736,11.6,11.585,10.932,11.053,10.605,10.575,9.801,10.082,9.421,9.869,9.725,9.732,10.34,10.097,10.4,10.514,10.75
s600862,69.036,70.72,70.525,70.202,70.914,65.409,63.855,64.049,60.746,60.746,58.026,60.293,54.27,54.853,55.436,57.12,60.746,60.099,59.71,60.228,60.487
s600877,27.633,29.012,30.471,28.933,29.17,27.79,29.17,27.83,26.45,26.371,25.346,26.49,25.149,23.967,23.178,23.297,24.006,24.164,23.848,23.73,23.848
s600879,214.121,216.53,216.831,215.928,215.326,211.712,206.291,207.496,199.063,194.546,189.727,192.137,177.079,180.09,180.693,180.994,188.222,184.608,192.739,192.438,198.461
s600893,81.224,81.939,82.001,82.126,82.157,81.722,79.732,80.012,77.463,76.468,75.567,75.567,72.303,72.769,72.458,72.241,74.448,72.987,72.738,73.236,74.292
s600990,119.965,122.084,119.711,121.364,120.813,119.117,113.818,115.684,109.791,109.664,102.267,101.737,97.901,94.255,97.222,97.562,103.729,100.55,99.49,100.487,100.508
s601118,5.973,5.973,5.942,5.911,5.901,5.942,5.736,5.963,5.623,5.447,5.2,5.354,5.014,5.179,5.2,5.21,5.282,5.437,5.241,5.282,5.468
s601208,11.565,11.859,11.949,11.994,12.356,11.972,11.746,12.333,11.769,11.317,10.617,11.023,10.368,10.639,10.639,10.639,10.933,10.865,10.707,10.888,10.978
s601611,9.76,9.932,9.841,9.74,9.76,9.547,9.264,9.406,8.95,8.859,8.889,9.001,8.1,8.089,8.1,7.978,8.272,8.181,8.15,8.251,8.292
s601718,5.35,5.405,5.372,5.328,5.317,5.295,5.052,4.953,4.623,4.568,4.524,4.59,4.172,4.249,4.205,4.194,4.337,4.293,4.227,4.282,4.359
s601727,7.452,7.519,8.052,7.641,7.497,7.341,7.119,7.375,6.886,6.764,6.475,6.564,5.998,6.075,5.998,5.931,6.097,5.986,5.92,6.031,6.086
s601989,10.647,10.866,10.916,11.354,11.253,10.95,10.378,10.294,9.907,9.705,9.302,9.537,8.612,8.696,8.696,8.595,8.881,8.713,8.646,8.73,8.797
s603019,118.546,121.086,119.534,119.191,120.602,121.247,83.149,88.632,84.641,86.435,82.686,81.597,73.434,72.647,74.401,75.59,82.847,82.928,81.214,82.041,80.872
s603678,51.184,52.123,52.327,51.311,51.92,51.336,50.777,50.574,47.678,49.482,49.253,50.167,48.745,48.77,48.212,48.72,50.803,50.549,50.726,50.625,49.431
s603766,15.76,15.672,16.258,16.111,16.024,15.848,15.057,15.262,14.647,14.237,14.237,14.061,12.831,13.006,13.416,13.534,13.622,13.153,13.182,13.27,13.299
s603885,42.124,42.417,42.563,42.007,41.803,41.101,39.873,40.37,38.792,38.675,38.879,39.201,35.635,36.599,36.716,36.073,36.395,36.248,35.196,35.664,36.278
s000026,56.288,56.992,58.145,57.312,57.12,56.544,56.032,56.288,53.79,53.022,52.061,52.317,48.347,49.5,49.116,49.436,50.396,50.204,49.692,50.46,50.845
s000050,97.128,99.578,105.169,102.782,102.971,104.164,99.264,109.19,104.793,95.306,86.825,88.332,79.788,82.867,84.751,83.432,86.385,86.385,85.505,86.887,87.076
s000059,8.398,8.5,8.534,8.455,8.523,8.658,8.658,8.998,8.523,8.149,7.957,8.126,7.549,7.821,7.753,7.696,7.866,7.81,7.753,7.889,7.877
s000065,146.164,153.004,148.04,149.584,157.085,148.922,137.891,139.104,127.08,125.426,119.8,115.828,106.672,105.79,105.018,103.694,109.541,107.776,106.011,108.217,108.658
s000070,29.995,32.995,33.432,34.599,34.995,38.494,39.994,39.077,35.161,32.495,29.725,30.37,27.329,27.912,27.912,27.454,30.204,33.141,32.599,33.828,27.329
s000099,23.519,23.947,23.918,23.804,23.662,24.032,22.749,22.578,21.666,21.58,20.896,21.181,19.499,19.699,19.699,19.642,20.469,20.269,20.07,20.383,20.868
s000425,140.456,143.868,144.152,142.731,144.437,137.329,139.035,139.603,133.917,128.515,129.652,130.221,119.132,125.671,124.818,121.691,127.662,125.103,125.387,127.662,129.936
s000519,47.137,47.725,48.153,47.886,47.725,46.869,44.783,44.943,42.857,42.857,40.663,41.198,37.078,37.667,38.897,38.362,40.074,39.432,39.646,39.646,40.021
s000547,101.496,102.732,102.636,102.922,103.017,104.157,104.822,105.392,102.636,106.058,95.414,93.988,87.906,91.137,92.468,92.658,95.509,95.414,96.459,97.79,97.79
s000561,16.309,16.937,16.694,16.937,16.856,16.41,15.903,15.822,14.909,15.092,14.443,14.767,13.327,13.449,13.489,13.53,14.219,14.077,14.24,14.341,14.463
s000595,11.152,11.516,11.819,12.243,12.364,13.425,12.092,11.607,11.122,11.546,10.698,10.849,9.788,9.94,10.001,9.849,10.304,10.243,10.001,10.152,10.364
s000625,55.977,55.329,60.809,57.863,58.098,55.329,54.622,54.799,52.088,51.263,50.379,50.379,46.078,46.667,46.196,45.135,47.139,46.373,45.724,47.139,47.61
s000687,20.629,21.47,21.999,21.23,21.254,20.725,20.1,20.244,18.609,18.345,16.998,17.407,16.71,18.369,17.768,17.455,18.177,19.21,18.225,18.369,18.754
s000733,26.767,27.329,27.176,26.767,26.835,26.478,25.66,26.137,25.029,25.251,25.234,26.818,24.876,25.813,27.108,26.989,28.505,27.96,27.432,28.164,27.568
s000738,20.271,20.549,20.615,20.536,20.496,20.337,19.714,19.794,18.946,18.827,18.482,18.787,17.621,17.992,17.899,18.005,18.747,18.469,18.456,18.628,18.853
s000768,112.845,114.644,116.244,115.377,114.911,114.044,111.312,112.378,108.245,107.712,105.513,106.113,98.847,99.514,99.98,100.58,105.113,103.313,103.113,103.513,107.246
s000777,83.253,84.662,84.192,83.357,83.514,80.747,78.712,79.599,75.684,75.528,72.187,74.118,66.706,67.281,67.594,65.663,69.264,68.116,67.646,68.951,69.734
s000801,75.788,78.99,78.243,78.884,78.136,75.895,74.507,74.614,70.451,70.771,67.569,68.209,61.378,61.484,61.805,61.164,65.114,64.046,64.366,64.9,67.249
s000806,35.099,34.046,34.256,33.063,33.625,32.08,30.466,28.921,27.447,27.517,26.114,25.061,23.797,22.604,23.727,23.095,23.516,23.516,22.323,22.253,22.463
s000901,60.678,61.434,61.56,61.937,61.476,60.258,58.284,58.746,55.345,55.513,52.447,53.875,49.844,51.23,50.852,50.852,53.413,52.321,52.111,52.825,53.497
s000977,117.185,125.452,122.59,122.136,123.317,122.681,118.184,129.994,128.313,132.128,118.911,115.777,104.195,106.102,106.466,106.92,114.369,111.553,111.371,114.006,110.872
s002013,178.711,180.491,181.159,180.046,179.378,178.266,173.147,173.815,166.693,166.248,163.8,165.358,156.455,158.903,157.568,157.346,162.242,159.349,159.126,161.352,163.132
s002023,91.849,95.105,94.661,93.477,94.069,95.771,91.405,92.515,86.742,86.668,86.742,87.63,78.897,79.859,79.267,79.341,87.26,87.112,86.964,88.666,89.11
s002025,140.77,139.53,138.651,136.946,137.721,137.721,135.396,136.481,133.07,131.52,134.414,135.757,127.282,131.261,131.52,131.83,135.396,134.879,134.982,135.447,135.499
s002036,41.494,42.696,45.594,45.532,45.779,44.515,44.391,45.254,42.172,43.158,40.569,40.723,36.839,36.13,35.606,34.958,36.407,34.989,34.557,35.513,35.174
s002046,36.852,38.33,37.307,36.7,36.207,36.283,34.729,34.918,32.871,32.378,31.885,32.226,29.004,29.383,29.345,28.89,30.027,30.065,29.535,30.179,30.786
s002049,145.601,149.774,147.688,146.547,147.166,146.058,138.494,145.96,136.57,137.19,133.799,135.592,122.03,123.399,125.225,126.268,136.114,133.734,134.19,135.494,133.897
s002065,258.206,264.26,264.865,257.298,260.022,254.876,251.849,258.811,249.427,249.427,235.2,238.227,217.644,220.065,223.092,223.092,229.752,226.422,220.065,223.092,223.092
s002077,9.245,9.494,9.48,9.333,9.333,9.23,8.965,9.112,8.569,8.715,7.848,8.054,7.554,8.304,9.142,10.053,11.052,12.155,13.375,14.712,14.477
s002089,83.492,91.793,92.911,95.625,96.902,98.019,91.634,100.733,105.842,103.766,93.39,93.39,88.76,84.29,80.14,76.149,72.317,68.645,65.293,62.1,59.067
s002097,33.908,34.565,34.471,34.893,35.175,34.33,33.392,33.58,32.22,32.267,31.188,31.939,29.453,30.016,29.547,29.359,30.25,29.922,29.875,30.391,30.625
s002111,44.796,46.315,46.183,46.315,46.183,47.074,44.202,44.631,43.74,42.618,42.684,43.377,39.845,40.472,40.571,40.109,41.891,41.924,41.231,42.122,42.42
s002151,155.767,157.68,156.52,156.057,156.404,152.752,148.694,150.202,144.752,144.057,138.434,138.26,124.984,126.086,126.724,125.97,131.883,132.231,132.984,134.318,143.013
s002167,68.056,70.57,69.156,67.584,66.955,65.777,61.612,62.319,58.39,56.582,52.574,53.517,49.902,50.531,49.509,49.431,51.002,50.217,50.138,50.845,53.046
s002179,241.844,244.103,241.428,243.092,243.627,238.337,236.673,242.557,238.753,252.661,250.997,247.253,237.743,246.064,251.175,244.875,256.168,255.871,252.186,257.357,258.011
s002190,51.225,50.831,51.777,53.565,54.038,54.931,52.434,52.408,50.568,48.991,46.547,48.886,49.412,49.938,49.491,48.939,49.938,48.886,48.886,49.543,50.358
s002214,35.505,35.964,36.256,37.216,38.426,38.009,38.176,37.758,35.631,39.177,35.297,34.421,33.586,35.047,34.546,34.921,37.425,37.925,37.133,40.846,40.22
s002224,47.809,49.264,49.057,48.987,49.75,48.71,47.463,47.74,45.592,44.345,43.098,43.513,40.603,43.167,47.463,47.879,49.542,50.927,49.819,53.075,54.53
s002231,23.484,25.835,28.434,28.62,28.62,27.32,25.649,25.99,24.783,25.031,22.524,22.215,19.987,19.678,19.647,19.585,20.513,20.575,22.648,24.907,25.062
s002246,15.487,15.819,15.788,16.136,15.994,15.138,15.012,14.853,13.856,13.824,13.254,13.539,12.193,12.272,12.415,12.256,12.795,12.779,13.017,13.112,13.238
s002253,62.407,63.722,63.798,63.459,63.91,63.459,62.331,60.264,57.858,57.895,55.564,56.58,51.918,52.482,52.331,52.106,53.91,53.309,53.083,53.873,55.527
s002254,69.483,70.67,69.822,70.444,69.822,68.748,68.748,67.448,65.186,64.225,63.886,64.338,61.625,62.303,61.738,60.89,61.512,60.663,60.381,60.89,61.342
s002265,13.806,14.237,14.227,15.069,14.698,13.224,12.543,12.693,11.951,11.72,11.339,11.61,10.497,10.808,11.059,10.778,11.5,11.169,11.149,11.56,11.47
s002268,267.801,269.925,270.774,271.114,267.037,263.469,252.768,264.659,249.115,248.861,241.896,239.093,215.226,204.1,199.258,204.185,224.569,218.199,214.292,215.396,217.944
s002276,25.857,26.27,26.645,27.846,28.409,27.208,26.232,26.833,25.369,24.956,23.568,23.793,21.429,21.541,21.279,21.429,21.954,21.954,21.692,21.992,22.217
s002297,24.42,24.601,24.963,25.385,26.108,24.993,24.119,24.42,23.124,22.913,21.526,21.888,20.29,20.531,20.832,21.375,23.516,23.455,23.516,23.455,25.053
s002300,43.633,44.787,45.521,47.462,49.665,47.514,44.21,44.997,42.165,42.585,40.329,41.745,37.865,39.281,40.592,38.913,40.434,39.805,39.857,40.959,41.116
s002303,52.643,53.395,52.643,57.907,58.576,55.986,59.746,62.336,57.406,55.818,50.22,49.886,44.872,43.953,44.371,43.535,47.379,47.379,49.719,51.139,50.471
s002308,26.652,28.039,28.212,27.649,27.995,26.955,26.262,26.609,24.962,24.485,23.098,23.228,20.888,21.408,21.322,21.192,23.315,22.882,22.318,22.492,22.882
s002309,35.379,36.359,36.359,36.397,37.302,37.943,35.152,34.473,32.324,31.758,29.872,30.287,28.175,28.929,28.778,29.042,29.947,30.287,30.098,30.174,30.626
s002338,50.021,50.021,49.44,48.343,48.149,47.569,46.084,46.988,44.535,44.632,42.115,43.051,38.952,39.501,39.856,40.178,42.082,41.695,41.792,42.147,43.115
s002339,36.792,37.125,37.458,37.458,38.04,37.832,36.667,37.166,35.668,34.961,32.921,33.379,30.924,31.631,31.798,31.881,32.838,32.88,32.339,33.088,33.504
s002342,11.04,11.338,11.462,11.263,11.486,11.313,10.792,10.891,10.37,10.047,9.675,9.799,8.906,9.08,9.154,9.13,9.378,9.427,9.303,9.477,9.551
s002350,31.368,31.841,31.841,31.54,31.626,31.497,30.38,30.466,29.22,28.833,28.618,28.79,25.997,26.513,26.298,26.642,27.329,27.2,26.685,27.157,27.372
s002361,40.621,41.389,41.645,41.559,42.413,42.413,40.962,41.218,38.743,38.487,37.463,37.634,34.391,35.244,36.354,36.098,37.207,36.78,36.695,37.293,38.146
s002368,137.507,142.816,141.709,142.129,143.81,137.851,132.351,135.368,129.868,130.25,123.374,126.659,113.978,115.812,117.607,117.263,124.329,124.253,119.746,121.503,119.478
s002405,68.218,73.121,73.707,70.349,70.882,68.191,66.619,69.816,66.645,66.432,67.098,62.595,56.333,56.333,56.812,55.667,59.397,57.239,57.639,60.516,60.037
s002406,25.233,25.16,26.18,25.67,25.707,25.051,24.541,25.343,24.432,24.287,23.704,23.85,22.102,22.539,22.357,21.956,22.648,22.612,22.502,23.121,23.194
s002413,36.136,37.079,37.377,37.178,37.228,36.086,34.994,35.838,33.852,33.505,31.321,31.668,29.236,30.08,30.775,30.676,32.463,31.768,32.264,32.512,32.314
s002414,56.236,56.954,57.397,56.089,57.186,57.354,56.827,57.27,56.532,55.604,52.292,51.997,48.516,49.086,33.16,34.678,37.041,36.471,36.071,38.792,38.117
s002423,11.826,11.683,11.581,11.256,11.296,11.541,11.296,11.327,11.327,11.327,11.327,10.452,11.347,10.889,10.777,10.197,10.686,10.442,10.625,10.655,10.666
s002428,38.127,40.612,41.088,41.458,42.04,39.924,43.943,43.362,42.886,38.655,35.218,35.43,32.045,32.733,32.839,33.156,34.425,33.738,33.262,33.843,35.377
s002434,53.388,53.714,55.148,55.409,54.888,53.975,52.345,52.15,49.608,49.933,48.239,48.108,43.284,44.523,44.653,44.458,45.305,44.197,43.48,44.327,44.393
s002436,68.832,72.691,72.82,74.235,73.849,72.048,73.849,76.937,74.364,74.364,66.902,64.843,58.41,59.697,59.182,59.44,63.042,62.528,61.498,62.013,61.627
s002439,221.398,225.331,223.774,221.07,224.102,231.886,234.016,235.737,233.033,228.69,219.185,215.252,200.339,202.142,201.159,205.01,218.857,219.267,211.729,210.582,207.14
s002446,52.802,57.607,56.022,57.112,58.845,58.3,55.972,59.341,58.102,59.984,54.04,54.883,49.384,47.651,47.007,46.214,49.632,50.524,50.87,51.712,51.316
s002451,44.852,44.577,45.464,43.321,43.383,41.791,45.985,44.485,42.587,44.73,40.26,36.984,35.514,37.076,36.096,34.749,36.188,37.657,37.045,37.657,39.372
s002465,65.954,67.933,67.537,67.141,67.471,67.603,65.031,66.086,63.118,62.063,60.744,61.205,55.401,56.193,55.929,56.061,58.897,59.029,57.578,58.303,59.557
s002501,24.867,26.148,26.449,26.449,26.977,26.223,25.018,24.867,22.908,21.476,20.044,20.044,19.065,18.085,17.181,16.352,15.523,14.769,14.016,13.488,13.714
s002519,54.452,55.258,55.488,55.603,55.718,56.639,53.416,53.992,51.804,50.883,45.933,47.89,46.048,46.048,45.358,49.847,50.768,48.696,47.89,52.725,55.373
s002520,72.739,73.689,73.948,73.171,73.343,73.775,71.443,71.875,68.765,69.283,68.16,68.419,63.236,63.841,63.322,63.15,69.456,65.914,67.296,67.815,70.579
s002542,101.423,102.719,102.163,100.868,101.793,100.128,97.722,98.277,94.205,92.354,89.763,91.244,88.653,88.838,95.686,89.763,91.984,91.059,89.393,90.503,91.429
s002544,95.417,99.812,99.184,99.309,99.937,98.117,94.539,96.987,91.525,93.848,89.328,88.575,79.849,80.352,79.661,79.975,82.988,80.414,79.975,81.481,82.36
s002547,53.55,58.935,64.811,71.298,78.458,86.292,77.724,85.496,91.8,82.62,74.358,71.359,64.26,70.686,70.686,73.379,80.723,83.599,83.232,85.496,81.273
s002560,25.721,26.423,26.547,26.175,27.662,26.464,27.249,29.974,27.538,25.928,24.359,25.226,23.038,23.492,23.161,22.914,23.781,23.905,23.822,24.524,25.597
s002564,19.987,20.441,20.344,20.02,20.312,20.182,20.766,22.843,21.188,21.999,19.793,18.981,17.099,17.197,16.872,16.807,17.391,17.716,17.456,18.04,18.43
s002576,18.745,18.947,18.907,18.638,18.194,17.643,17.442,17.59,16.488,16.179,15.413,15.991,14.392,14.741,15.117,14.754,15.117,15.104,14.808,15.198,15.373
s002583,61.379,63.003,63.564,63.956,63.788,64.852,63.059,63.9,61.323,60.875,57.907,57.347,51.635,51.523,51.131,50.291,52.307,52.027,51.019,52.307,52.979
s002590,40.49,40.807,41.259,41.531,42.978,41.169,39.495,39.992,37.549,37.459,35.287,36.011,33.161,33.93,33.568,33.387,34.79,34.111,33.885,37.278,37.504
s002651,17.073,17.044,17.608,17.311,17.4,17.726,16.984,16.806,15.856,15.589,14.965,15.292,14.015,14.371,14.252,14.223,15.648,15.292,15.143,15.232,15.618
s002669,30.275,30.902,31.069,32.052,33.035,31.341,34.477,35.0,31.676,30.421,28.644,29.125,26.219,26.302,25.947,25.529,26.825,26.491,26.637,27.306,28.351
s002684,49.111,48.58,51.238,56.355,53.431,50.573,48.114,48.978,44.792,42.532,38.345,38.345,36.418,34.624,32.896,31.234,29.706,28.244,26.848,25.519,24.257
s002724,12.412,12.559,12.78,12.743,13.424,12.78,12.264,12.467,11.896,12.062,11.509,11.675,10.791,11.086,10.92,10.957,11.251,11.086,11.159,11.288,11.362
s300008,46.8,48.869,51.169,52.894,51.284,49.099,47.72,47.145,44.04,43.925,40.015,41.395,38.981,38.751,41.28,39.67,41.165,40.36,39.9,40.245,40.36
s300010,52.89,54.861,54.031,54.55,54.653,55.483,54.809,54.031,51.439,51.283,47.55,51.646,46.461,45.838,44.075,43.92,45.631,44.749,44.075,45.112,45.424
s300024,429.397,440.073,439.598,435.091,447.19,435.803,431.77,442.445,424.89,423.941,394.286,397.37,362.971,367.716,367.004,369.614,384.322,373.884,371.037,374.358,383.611
s300034,51.831,53.262,52.858,52.308,51.648,50.621,49.484,49.153,47.026,47.503,46.109,46.549,43.468,43.138,44.421,44.091,46.035,45.485,45.522,46.366,48.97
s300045,87.783,89.418,88.927,87.129,87.783,85.494,82.47,83.86,80.345,78.956,74.869,75.523,68.085,69.148,69.965,70.374,75.359,75.359,76.585,75.114,76.585
s300046,79.402,82.98,82.247,82.505,80.264,80.048,81.126,79.143,76.083,78.41,74.574,73.626,66.254,65.953,67.073,66.858,73.151,71.212,70.048,71.341,70.306
s300053,59.771,61.407,60.742,60.691,60.486,59.617,57.777,58.083,53.891,52.766,49.698,50.209,45.199,46.937,47.448,47.909,51.232,50.772,52.357,52.664,52.868
s300065,100.908,104.628,104.86,107.127,103.582,98.931,92.654,91.84,86.609,87.655,82.365,87.19,78.471,80.389,81.319,78.762,83.063,81.61,80.97,82.424,81.842
s300084,28.188,28.771,28.905,28.323,28.995,29.533,28.278,27.785,26.575,25.948,25.096,25.768,23.214,23.528,23.393,23.483,24.245,24.155,23.841,24.603,24.827
s300092,21.31,21.463,21.438,21.105,21.719,20.978,20.339,20.799,19.777,19.675,18.576,18.934,18.065,18.652,18.499,18.678,19.291,19.036,19.163,19.496,19.828
s300095,26.977,27.543,27.502,27.017,26.532,25.318,24.954,25.44,24.105,24.065,22.609,22.932,20.991,21.557,21.638,21.961,22.689,21.961,22.042,22.447,22.892
s300099,135.66,139.813,142.859,149.78,137.737,130.4,125.832,128.185,120.018,118.91,116.834,116.834,105.206,105.068,110.743,106.313,113.65,114.896,126.386,130.4,119.464
s300101,99.812,102.338,101.36,99.16,99.404,98.264,95.901,98.182,94.353,91.582,85.797,86.531,80.583,81.723,83.434,83.923,89.382,88.405,85.308,86.857,88.975
s300114,59.302,61.359,61.83,61.183,60.889,59.772,57.715,59.126,56.481,55.893,54.013,54.659,49.546,50.545,51.779,51.897,54.189,53.484,54.071,54.6,55.188
s300159,112.219,114.05,114.416,112.585,113.135,111.487,107.826,110.206,103.981,103.249,99.954,101.418,92.082,92.814,92.631,92.997,96.842,93.913,94.096,95.194,99.222
s300177,117.486,121.231,123.755,121.394,121.313,120.254,115.369,117.242,111.461,112.438,109.833,110.891,99.818,100.632,102.017,103.075,109.751,110.647,111.38,112.845,116.427
s300185,18.533,18.946,19.36,19.443,19.608,19.525,18.781,19.029,18.202,17.871,17.126,17.374,16.051,16.382,16.216,16.216,16.712,16.547,16.382,16.63,16.795
s300201,57.151,57.894,58.85,57.894,57.788,58.213,56.088,56.301,53.964,52.583,51.308,53.326,51.096,51.839,51.945,54.601,56.301,55.77,54.601,55.026,55.026
s300213,49.878,51.239,50.868,49.94,50.806,51.796,49.878,50.744,48.022,47.526,43.937,44.37,40.534,41.524,41.524,42.143,43.442,42.452,42.204,42.947,43.38
s300229,43.747,48.122,46.372,50.887,49.767,49.872,47.772,50.327,46.897,48.052,43.502,42.697,38.427,37.482,37.307,36.713,38.987,38.147,37.622,38.462,40.037
s300252,64.958,71.444,69.464,69.365,70.157,69.365,66.84,67.681,63.77,63.424,58.175,58.472,52.63,52.185,51.788,51.888,54.413,53.868,54.264,56.145,55.65
s300265,24.45,25.327,25.224,26.565,29.222,32.136,28.912,27.726,25.792,25.688,23.109,22.103,20.04,20.84,20.994,20.504,21.51,21.149,23.264,23.548,22.98
s300278,32.375,32.659,32.781,32.74,32.456,31.888,31.442,32.05,30.996,28.561,27.141,27.588,24.829,25.275,26.127,25.803,27.02,26.168,26.005,26.776,27.425
s300281,41.231,42.28,42.589,41.601,42.527,42.527,41.539,42.218,38.392,38.145,34.38,36.54,34.256,35.305,35.676,35.12,36.725,37.157,36.108,37.034,37.095
s300297,69.19,69.815,69.011,70.083,71.868,74.011,69.458,70.261,65.083,65.619,61.958,62.315,56.066,55.263,54.638,55.798,59.637,58.566,57.048,58.119,58.834
s300302,70.396,72.878,71.913,72.671,74.808,71.706,70.258,71.706,67.982,69.224,63.294,66.672,59.985,60.881,61.501,62.398,64.673,71.154,68.258,68.327,67.086
s300311,62.194,63.511,62.56,61.681,64.462,67.681,63.95,61.755,58.535,59.194,53.413,53.926,48.511,48.95,48.438,49.755,52.682,52.535,50.779,51.365,53.413
s300324,190.147,194.124,193.13,192.136,192.633,187.662,184.928,190.644,178.465,178.714,166.783,171.505,154.355,153.858,154.106,155.846,160.569,155.349,153.112,154.603,154.355
s300325,53.428,56.407,59.387,65.346,71.922,72.025,67.093,73.772,66.374,63.291,63.497,59.695,53.736,55.997,59.182,65.141,65.757,66.579,59.901,65.86,72.436
s300337,20.874,21.495,21.629,21.895,21.717,22.428,21.14,20.874,19.142,19.186,17.854,18.253,16.566,16.965,17.054,16.877,17.41,17.365,17.276,17.454,19.186
s300342,41.477,42.361,42.193,42.656,42.656,45.519,42.53,46.783,43.877,44.93,40.424,40.845,36.803,38.024,37.645,37.898,40.129,42.951,47.246,51.962,57.141
s300351,54.52,57.214,62.065,58.831,59.819,57.978,55.014,55.104,50.209,50.433,50.433,50.658,45.583,43.787,42.484,42.754,44.415,43.832,44.056,44.37,44.685
s300352,109.195,113.432,112.469,110.928,111.506,115.743,115.936,116.128,109.965,112.084,100.914,101.107,91.092,87.048,89.166,91.285,97.062,98.025,96.677,97.062,98.603
s300353,83.121,88.797,90.036,87.296,86.644,86.578,82.403,84.36,81.489,82.077,83.316,89.253,80.315,87.688,90.689,91.602,100.736,98.518,100.932,102.172,98.127
s300354,35.879,36.838,36.966,36.678,36.838,36.007,33.803,34.218,32.269,32.397,30.927,31.151,28.531,29.202,29.362,29.489,30.671,30.16,30.224,30.991,34.09
s300379,91.945,95.34,93.643,92.43,93.4,93.562,90.127,91.339,87.985,89.601,80.629,80.225,76.709,80.831,81.639,81.882,87.661,86.53,85.479,86.53,86.893
s300395,86.419,89.527,87.625,86.326,86.419,86.419,83.96,85.584,82.94,81.826,84.61,85.166,79.693,84.424,84.424,85.12,89.295,90.269,88.228,88.089,88.228
s300397,46.907,48.789,53.674,56.416,55.155,50.05,47.087,46.627,44.244,43.984,42.422,43.524,39.179,35.455,36.436,36.436,39.419,38.138,37.798,38.138,37.097
s300402,10.677,10.958,10.938,10.958,11.079,11.019,10.717,10.788,10.477,10.125,9.875,10.156,9.142,9.292,9.353,9.353,9.584,9.594,9.563,9.784,10.035
s300411,41.734,42.567,42.277,42.531,42.06,40.248,38.473,39.017,36.553,32.894,34.597,32.641,32.351,31.445,32.097,30.648,32.097,31.771,32.496,33.039,33.872
s300414,49.524,51.363,51.626,51.383,50.272,49.039,46.776,50.575,48.453,47.362,42.634,43.038,40.694,38.148,41.967,40.674,43.2,41.341,41.22,43.099,42.392
s300427,47.889,49.801,50.481,55.536,61.076,60.266,54.272,55.017,51.842,52.911,52.134,52.976,47.695,46.139,50.74,48.31,51.226,53.462,55.147,54.758,53.656
s300447,40.11,39.904,42.338,41.447,41.961,40.829,38.67,38.293,37.161,37.538,36.887,37.984,34.487,35.104,34.624,34.762,36.476,37.196,38.875,39.287,38.67
s300456,87.357,90.609,90.669,89.675,92.747,89.435,87.116,88.17,83.924,83.081,79.437,80.822,74.499,75.252,76.034,78.353,83.111,81.876,80.943,81.846,82.147
s300474,91.231,85.748,86.531,86.23,87.555,85.768,84.241,84.583,82.353,79.842,79.822,81.971,73.776,74.138,76.89,78.838,82.353,83.96,82.353,82.514,82.333
s300480,25.758,25.658,25.638,24.974,25.055,24.472,24.492,24.331,22.642,22.742,21.274,21.677,19.505,19.726,19.847,21.837,24.029,26.442,25.135,25.135,24.391
s300516,38.843,39.408,39.458,40.254,39.821,39.025,37.141,37.362,35.236,35.77,35.055,35.428,32.778,33.08,33.161,32.999,34.219,33.886,33.795,34.118,34.249
s300527,27.46,28.636,30.191,30.76,29.186,28.218,25.867,26.189,24.672,24.217,23.534,23.857,21.467,21.865,24.046,23.591,24.805,24.046,24.312,24.558,24.539
s300542,34.576,34.644,33.893,35.344,34.934,33.073,32.1,32.459,30.58,30.956,29.146,30.307,27.575,30.341,31.417,22.47,23.307,25.646,28.207,31.024,28.122
s600068,33.419,34.172,33.906,33.685,34.128,33.287,32.268,32.623,31.472,30.719,30.232,30.144,28.108,28.152,27.975,27.798,28.329,27.798,27.621,27.975,28.285
s600120,318.267,322.352,320.398,314.715,316.313,321.641,313.116,315.247,298.73,296.244,281.503,293.757,281.68,288.784,287.896,277.95,288.962,291.093,290.56,293.58,296.421
s600260,70.393,74.648,74.12,73.095,72.412,72.474,69.678,70.765,68.901,72.194,64.987,65.049,58.557,58.588,57.873,57.035,59.675,53.99,58.402,58.402,56.879
s600360,35.539,36.857,36.363,36.638,36.198,36.143,34.44,34.385,32.463,32.683,30.76,31.035,27.959,29.057,29.497,29.771,31.914,31.419,31.2,31.309,31.694
s600577,66.931,67.843,68.755,71.491,73.132,71.126,69.12,70.214,66.202,65.107,63.101,64.378,59.089,60.001,60.001,59.454,61.095,67.296,65.472,65.655,64.013
s600705,101.69,102.777,100.603,100.603,100.914,99.517,97.809,98.585,93.462,91.599,89.736,89.736,81.352,83.06,82.128,81.352,85.389,83.681,83.836,84.768,85.078
s600734,24.145,25.664,26.199,27.071,26.396,25.636,24.539,23.047,22.709,22.766,20.627,20.346,18.348,19.192,21.105,20.149,21.19,21.162,20.627,20.824,22.906
s600736,188.06,183.616,186.646,178.97,175.537,173.921,180.384,175.941,173.921,178.162,160.387,163.215,146.853,142.813,143.621,141.601,149.277,156.751,155.337,159.377,157.155
s600775,14.124,15.537,17.09,18.803,18.964,18.503,16.651,17.625,17.026,16.876,15.184,15.473,13.931,14.574,15.602,14.873,16.158,16.619,17.047,17.197,16.405
s600783,103.066,104.816,105.506,103.941,103.25,105.737,112.552,106.197,100.809,94.96,86.395,90.355,83.585,86.487,87.408,84.921,88.789,88.789,89.941,91.0,91.414
s600792,20.316,21.493,23.643,25.178,25.741,24.001,22.773,24.052,21.8,22.261,20.521,20.726,18.679,19.037,18.781,18.525,19.19,18.986,18.73,19.344,20.009
s600839,73.508,74.54,75.159,74.54,74.746,73.095,72.475,75.366,71.856,71.03,66.694,66.9,61.945,62.771,62.977,64.422,65.661,64.422,63.596,64.422,64.629
s600869,49.775,50.842,50.486,50.309,52.62,50.575,48.886,49.775,46.664,46.753,44.975,45.598,43.02,43.642,43.553,43.109,43.909,44.353,43.642,43.998,43.909
s601126,16.943,16.625,17.488,16.716,16.693,16.034,15.807,16.012,15.035,14.922,14.331,14.195,12.923,13.127,13.309,13.15,13.513,13.559,13.332,13.604,13.627
s603167,12.208,12.401,12.435,12.299,12.401,12.413,12.185,12.276,11.707,11.718,11.855,12.151,11.547,11.843,11.638,11.581,11.786,12.492,12.424,12.561,13.016
s603338,269.389,282.345,279.301,272.15,272.327,265.955,268.752,276.858,275.407,269.92,272.575,265.92,247.725,250.096,241.813,235.83,244.362,236.892,237.707,248.114,238.521
s603618,21.367,22.899,22.562,24.218,25.474,24.616,22.93,23.39,21.643,21.704,20.079,20.324,18.301,18.362,18.179,18.24,19.16,18.914,18.914,19.282,19.221
s603936,19.422,20.358,20.317,20.479,20.579,20.126,19.643,20.479,19.543,18.516,17.047,17.087,15.447,15.86,15.9,16.242,16.695,16.312,16.272,16.514,16.594
s000009,42.855,43.441,43.506,43.245,46.046,44.613,42.789,43.245,40.38,40.249,37.775,40.249,38.296,38.686,37.514,36.146,37.319,37.123,36.863,37.84,38.491
s000066,78.763,81.202,79.82,81.039,81.771,80.47,74.455,76.65,73.561,74.699,68.684,71.123,65.108,67.14,67.872,68.928,75.837,74.781,73.155,74.293,73.805
s000760,16.197,15.84,17.446,17.848,17.223,16.331,15.706,16.509,15.304,14.278,13.341,13.341,12.672,12.047,11.467,10.887,10.352,9.905,9.638,9.459,9.638
s000955,10.875,11.212,11.529,11.081,11.025,10.464,10.296,10.446,9.773,9.904,9.474,9.642,8.67,8.876,8.951,9.082,9.418,9.343,9.175,9.437,9.399
s001696,137.11,144.94,159.382,161.992,168.603,180.783,162.688,164.428,148.072,137.632,134.674,136.24,122.668,124.408,122.32,119.188,126.148,121.798,120.58,125.104,126.322
s002063,82.967,85.291,84.439,82.657,82.27,82.115,81.495,83.432,81.805,80.488,75.143,75.065,67.551,67.474,67.396,66.931,69.72,70.572,69.101,70.03,69.41
s002147,11.177,11.074,11.624,12.209,12.003,12.243,12.862,12.587,11.968,11.384,11.212,11.624,11.04,10.627,10.111,9.595,9.767,9.286,8.839,9.011,9.458
s002171,33.261,34.011,33.861,33.711,33.661,32.911,32.161,32.211,30.81,30.81,29.16,30.01,27.459,27.809,27.759,27.509,29.86,30.31,29.51,30.61,31.411
s002194,63.339,66.515,69.843,66.364,65.608,62.341,59.226,56.261,56.352,59.165,60.466,57.441,54.567,51.845,49.244,46.794,49.123,46.945,45.826,45.795,43.497
s002296,36.338,37.052,37.154,36.95,37.358,36.287,35.064,36.083,34.147,34.3,33.026,33.586,30.222,31.191,31.446,31.395,32.414,32.516,35.778,36.491,35.982
s002324,39.554,39.586,39.777,40.062,41.713,40.634,40.475,40.189,39.523,38.189,37.459,38.031,37.904,38.253,37.904,38.57,39.808,40.316,39.745,40.475,40.92
s002328,13.692,13.917,13.853,13.628,13.965,13.74,14.43,13.596,13.708,14.382,12.987,14.093,12.682,12.362,12.538,13.051,14.093,14.831,14.318,14.799,14.799
s002389,86.842,88.254,88.377,86.535,87.64,86.228,82.485,83.037,79.6,78.557,74.752,75.979,68.369,68.492,68.676,68.676,71.622,70.517,70.272,71.008,71.56
s002427,31.126,32.002,31.909,32.058,32.505,32.803,32.58,32.729,31.685,31.499,31.872,32.337,31.965,32.151,31.797,30.213,29.225,28.274,27.827,27.473,26.094
s002438,33.151,33.561,33.52,33.192,33.192,32.455,32.742,32.824,31.635,31.266,30.406,31.553,30.693,31.143,30.324,30.201,31.021,31.307,30.898,31.512,32.127
s002497,52.284,53.336,53.796,52.876,53.862,53.533,51.955,52.284,49.324,48.272,46.168,46.496,42.748,43.603,43.405,43.471,44.523,44.26,43.274,43.932,44.721
s002528,30.931,31.447,31.834,31.64,31.769,31.769,30.738,30.867,29.771,29.127,28.676,28.676,25.841,28.418,27.452,26.163,27.516,27.452,27.258,28.547,28.483
s002552,25.765,28.21,28.899,27.583,27.426,27.175,26.172,26.392,23.884,24.323,22.411,23.195,20.875,21.439,22.098,21.659,22.662,23.195,22.411,22.662,22.881
s002611,32.853,33.131,34.311,33.617,35.77,35.978,36.951,40.632,43.063,41.326,37.229,33.478,30.283,33.061,32.019,30.561,31.741,29.449,28.963,29.797,30.769
s002683,39.058,39.665,39.718,40.114,39.507,36.866,37.764,38.134,36.074,36.074,34.252,35.123,31.611,31.135,32.667,31.981,32.799,32.535,33.38,33.591,35.018
s002701,51.744,52.089,51.572,49.761,49.502,47.518,47.518,47.001,46.397,45.104,44.414,45.19,42.172,42.775,43.034,42.258,43.293,42.948,43.206,43.724,43.379
s002771,32.247,32.552,32.532,32.227,32.674,32.024,31.455,31.8,29.565,29.26,27.614,28.326,25.501,25.806,26.212,26.111,27.391,27.086,27.31,27.635,27.635
s002777,77.574,75.715,77.104,76.123,75.592,73.039,72.508,75.776,77.349,74.939,72.304,72.712,68.934,67.831,63.909,65.564,70.261,66.177,66.953,68.485,67.3
s002829,47.279,47.44,47.68,46.617,47.018,46.497,45.113,44.511,43.929,43.889,41.302,40.66,38.935,39.556,40.72,40.098,41.221,41.221,41.161,43.969,43.929
s300091,80.34,86.277,88.943,88.459,87.974,92.821,85.914,89.67,80.703,72.585,67.859,67.859,61.073,60.467,60.588,60.346,62.163,60.952,66.526,68.101,66.283
s300123,42.632,45.519,45.989,47.499,47.13,48.506,45.049,45.586,44.008,42.464,40.081,44.075,48.473,47.13,44.713,49.178,54.112,59.517,57.972,56.059,55.455
s300210,28.569,29.107,29.705,29.585,30.482,29.466,28.509,29.047,27.613,26.477,24.624,24.864,22.353,22.831,22.951,23.011,23.668,23.369,23.788,23.907,24.206
s300215,119.314,121.7,122.893,121.359,124.257,123.575,120.336,122.552,118.632,116.757,113.348,113.518,102.78,105.678,108.916,104.485,108.064,107.212,105.167,107.382,107.382
s300257,86.541,87.811,86.097,85.271,85.271,83.938,82.224,82.859,79.366,78.16,78.097,78.478,70.604,70.922,74.097,72.001,75.049,73.398,72.065,74.287,73.017
s300263,51.319,52.06,52.143,51.484,51.896,50.989,51.813,52.637,50.083,48.189,45.635,46.541,42.587,43.082,43.329,42.834,44.811,43.823,43.658,44.317,44.894
s300319,55.27,58.007,58.163,58.397,58.319,62.853,59.336,62.853,61.212,63.401,57.068,55.583,50.033,48.704,47.844,47.453,49.798,50.424,50.893,52.3,51.362
s300424,34.19,34.881,34.79,34.372,34.609,34.063,32.699,33.063,30.862,30.389,29.444,29.589,27.516,27.643,27.807,27.698,28.989,28.316,28.571,28.734,29.789
s300428,46.14,47.49,47.077,46.14,46.215,45.352,45.202,47.377,45.089,44.302,42.914,42.726,40.138,40.925,40.138,40.588,41.751,41.113,40.4,41.226,42.051
s300560,45.639,50.201,49.862,51.262,51.375,49.275,49.682,52.617,49.682,51.488,46.339,43.223,38.91,39.113,38.819,38.548,40.4,39.632,40.287,40.626,40.016
s300589,34.485,36.033,35.798,36.22,35.564,33.876,32.399,32.399,31.789,30.406,28.906,29.515,26.726,27.429,28.156,27.429,28.718,28.953,28.578,28.882,29.281
s300600,36.135,37.288,36.866,39.951,41.185,39.139,36.541,36.768,35.371,35.42,31.88,32.091,28.875,29.216,32.14,30.954,31.928,30.857,30.613,31.311,31.36
s300629,29.497,30.263,30.519,30.339,30.82,30.97,29.617,30.113,28.76,28.264,25.723,26.685,24.445,25.167,25.708,25.859,26.7,26.685,26.971,26.986,26.896
s300696,46.007,46.417,46.503,45.7,45.819,46.639,43.855,44.094,42.249,42.385,41.77,42.385,39.037,39.447,39.823,40.78,44.863,47.511,49.082,48.484,53.336
s600019,13.992,14.271,14.253,14.364,14.401,14.104,14.048,14.066,13.452,13.378,13.322,13.341,12.838,12.783,12.541,12.429,12.783,12.578,12.41,12.652,12.727
s600169,23.259,23.64,23.64,23.792,23.869,23.259,22.801,23.106,21.962,21.505,20.971,21.276,19.751,20.132,20.208,20.132,20.742,20.513,20.208,20.59,20.818
s600320,46.53,47.482,47.376,47.376,47.271,47.059,45.579,46.213,44.098,43.358,43.252,43.358,39.234,39.339,39.022,38.811,39.762,39.551,38.811,39.234,39.551
s600522,63.294,65.818,65.061,70.488,71.939,70.425,68.342,69.036,66.07,64.808,63.231,63.988,57.614,57.867,56.605,56.037,58.245,56.605,56.415,57.425,58.561
s600583,97.717,98.975,98.031,97.245,97.559,100.234,98.031,96.773,93.94,90.95,88.433,90.164,83.397,84.342,83.555,82.925,84.971,86.702,85.6,86.387,87.803
s601808,11.712,11.938,11.984,11.769,11.791,12.3,12.221,12.006,11.577,11.317,11.091,11.249,10.367,10.525,10.491,10.333,10.582,10.785,10.457,10.616,10.751
s601890,21.132,22.474,22.725,23.256,22.585,21.691,20.126,19.79,18.449,17.945,16.604,17.582,17.191,17.47,18.56,18.113,18.644,18.281,18.197,18.309,18.588
s000039,365.306,373.058,376.207,370.635,372.089,364.095,361.914,366.517,348.833,344.473,343.988,342.535,312.254,311.043,307.651,298.688,308.62,306.682,310.074,312.981,316.13
s000852,32.674,33.173,32.94,32.441,33.506,33.838,32.873,31.809,30.544,30.511,29.746,30.045,27.051,27.317,27.15,26.818,27.616,28.315,28.182,28.947,29.247
s000898,9.846,9.985,9.985,9.916,9.968,9.846,9.76,9.812,9.534,9.325,9.239,9.308,8.822,8.857,8.839,8.735,8.909,8.77,8.718,8.804,8.909
s002278,17.585,17.842,17.714,17.671,17.671,18.376,18.312,18.867,17.97,17.82,17.457,17.479,16.026,16.09,15.919,16.047,16.367,16.346,16.026,16.154,15.983
s002314,8.564,8.631,8.677,8.631,8.677,8.496,8.269,8.156,7.907,7.816,7.499,7.635,6.978,7.114,7.068,7.068,7.204,7.136,6.978,7.091,7.182
s002318,44.849,45.789,46.102,43.335,42.552,42.343,40.985,41.455,39.785,38.74,38.584,38.74,35.817,36.704,36.391,36.861,37.957,37.278,36.6,37.331,37.435
s002353,201.514,205.24,203.539,203.296,203.377,212.205,208.966,196.573,192.767,187.502,185.639,184.262,165.877,172.113,171.546,175.596,183.371,176.892,172.842,186.287,186.125
s002445,19.181,19.326,19.975,20.984,20.624,19.686,18.893,19.83,19.181,18.749,17.811,16.946,16.081,16.297,16.585,16.369,16.585,15.792,14.999,15.72,15.648
s002483,15.323,15.077,15.077,14.739,15.2,15.047,14.494,14.832,13.941,14.033,13.173,13.388,12.467,12.498,12.651,12.559,12.928,12.989,12.744,13.143,13.296
s002490,10.547,10.731,10.874,10.772,10.895,11.017,10.629,10.588,9.995,9.791,9.75,9.873,8.953,9.137,9.096,9.096,9.362,9.362,9.178,10.097,10.118
s002608,26.329,27.11,26.667,27.084,27.318,25.574,24.896,24.714,23.777,23.725,22.917,23.334,21.277,21.615,21.407,21.224,21.928,22.032,21.876,22.318,22.474
s300023,26.716,27.017,27.47,27.055,29.768,32.745,30.409,28.675,25.812,24.568,23.212,23.739,21.365,21.968,23.287,22.646,23.249,23.061,25.359,27.884,26.942
s300217,42.08,42.978,43.106,44.389,46.955,47.596,45.158,45.8,44.389,44.004,40.412,41.053,37.204,37.589,37.204,36.691,37.846,38.487,37.974,38.616,38.616
s600000,108.729,113.279,112.9,112.9,113.848,111.004,110.91,110.151,109.393,107.307,108.824,113.469,111.858,111.858,109.108,105.411,107.307,107.213,106.265,107.307,107.118
s600015,27.766,28.653,28.587,28.751,28.521,27.93,27.831,27.93,27.437,27.01,27.108,26.353,25.301,24.94,24.743,24.71,25.005,24.644,24.545,24.874,24.94
s600016,121.871,125.433,124.496,123.933,124.308,121.871,121.308,120.746,119.621,117.746,119.621,119.996,116.808,116.996,116.058,114.746,116.058,115.121,114.558,115.308,115.121
s600030,95.092,97.889,97.329,97.01,97.889,95.052,95.691,96.61,93.893,94.253,91.975,92.055,82.866,82.906,80.988,79.03,82.466,80.069,79.43,81.108,80.828
s600036,143.377,148.236,147.536,146.177,148.236,143.294,145.065,147.412,145.889,141.483,145.477,141.853,139.63,138.806,136.418,133.494,138.394,135.059,134.071,138.477,138.641
s600109,94.038,97.724,96.266,95.666,96.781,94.466,95.752,96.867,92.838,92.923,87.694,88.037,79.208,80.236,78.865,77.922,81.265,79.551,78.608,80.065,80.322
s600291,35.673,38.729,37.776,37.262,38.02,35.991,35.453,35.624,33.986,33.815,32.25,29.023,26.137,25.893,25.746,25.6,26.651,25.82,25.526,25.942,26.162
s600369,19.418,19.979,19.583,19.253,19.451,19.055,19.187,19.253,18.33,18.528,17.308,17.275,15.561,15.693,15.363,15.264,15.891,15.528,15.363,15.66,15.825
s600643,83.948,87.638,85.827,82.74,83.411,79.25,78.713,79.653,75.56,74.419,72.875,73.681,67.574,67.91,67.172,66.433,68.782,66.97,67.373,68.379,68.312
s600816,220.7,225.962,221.319,217.914,219.152,213.89,216.985,219.461,211.723,190.675,171.483,171.483,160.649,164.673,165.602,166.531,176.126,176.745,174.888,178.603,179.531
s600830,60.903,64.177,62.867,62.049,62.622,59.511,58.856,59.429,55.5,55.254,50.834,51.653,47.232,48.869,48.378,48.215,49.852,49.442,48.788,50.179,53.617
s600837,286.52,294.534,289.525,287.722,290.928,278.505,281.511,284.316,277.103,286.52,279.106,280.108,252.057,253.86,247.849,241.438,255.864,249.052,246.848,253.259,251.857
s600958,12.265,12.584,12.488,12.488,12.882,12.573,12.52,12.573,12.19,12.19,11.818,11.882,10.924,11.275,11.212,10.956,11.584,11.212,11.105,11.212,11.19
s600999,27.752,28.311,28.218,27.892,28.761,28.0,27.829,27.954,27.1,27.27,26.96,27.224,24.848,25.081,25.034,24.366,25.236,24.786,24.863,25.065,25.019
s601009,43.78,45.34,44.658,44.414,44.658,42.708,43.098,43.293,42.123,40.855,41.781,42.269,40.514,41.294,41.537,40.27,41.05,40.27,40.465,41.196,41.147
s601099,11.89,12.032,11.861,11.719,11.861,11.804,12.089,12.26,12.032,11.833,11.262,11.434,10.293,10.322,10.036,9.951,10.293,10.008,9.865,10.036,10.093
s601166,76.036,81.751,80.68,79.886,80.561,76.87,77.029,76.989,76.394,75.203,77.148,79.053,76.751,75.917,73.933,71.512,73.338,72.068,72.068,73.655,73.616
s601169,20.482,21.132,21.067,20.839,20.807,20.482,20.449,20.449,20.482,20.319,20.547,20.709,20.189,20.319,20.059,19.734,19.929,19.441,19.246,19.344,19.344
s601198,14.053,14.324,14.812,15.321,15.633,15.062,14.906,14.999,14.199,14.417,13.222,13.773,12.401,12.536,12.286,12.203,12.764,12.546,12.421,12.619,12.598
s601288,5.651,5.815,5.8,5.741,5.755,5.651,5.636,5.636,5.591,5.561,5.591,5.621,5.456,5.471,5.397,5.367,5.456,5.382,5.352,5.397,5.412
s601318,191.931,199.804,198.559,198.136,204.481,199.687,202.272,199.851,196.02,195.339,203.142,202.366,190.849,190.779,185.162,180.179,191.272,184.856,184.033,189.298,190.309
s601328,11.036,11.405,11.352,11.212,11.264,11.001,11.001,10.966,10.931,10.843,10.948,10.984,10.861,10.738,10.615,10.527,10.615,10.51,10.475,10.527,10.527
s601336,62.935,65.317,65.655,66.319,67.921,65.359,64.337,64.105,63.104,62.302,61.238,60.563,55.218,54.944,53.922,52.657,56.125,53.953,53.616,55.187,54.733
s601377,16.772,17.151,17.033,16.867,16.962,16.536,16.512,16.82,16.181,16.347,15.684,15.945,14.501,14.88,14.691,14.454,14.975,14.596,14.525,14.809,14.785
s601398,9.883,10.207,10.224,10.105,10.173,9.918,9.883,9.883,9.747,9.713,9.866,9.883,9.73,9.628,9.509,9.39,9.543,9.424,9.39,9.475,9.509
s601555,11.804,12.38,12.141,12.01,12.206,12.163,12.924,12.979,12.511,13.251,12.087,12.228,11.01,11.423,11.195,11.01,11.815,11.88,11.282,11.662,11.825
s601601,44.755,46.76,46.698,47.781,49.052,47.109,46.573,46.212,45.826,45.092,45.801,45.054,42.713,42.377,41.381,39.986,42.028,40.795,40.721,41.779,41.468
s601628,34.639,36.003,35.692,35.991,37.534,35.74,36.039,35.524,35.273,35.979,37.067,36.242,32.989,33.096,32.295,31.099,32.307,30.417,30.776,31.242,31.135
s601688,25.045,25.531,25.265,25.091,25.392,24.674,24.825,24.987,24.547,24.674,23.713,23.632,21.268,21.373,21.187,20.944,21.998,21.419,21.048,21.5,21.5
s601788,15.616,16.023,15.94,15.736,15.952,15.545,15.521,15.76,15.066,15.293,15.186,14.886,13.415,13.534,13.403,13.307,13.845,13.462,13.307,13.534,13.534
s601818,5.717,5.95,6.005,5.909,5.923,5.786,5.813,5.799,5.744,5.607,5.717,5.717,5.539,5.539,5.457,5.374,5.429,5.361,5.319,5.347,5.361
s601901,7.924,8.131,8.09,8.007,8.1,8.028,8.038,8.152,7.697,7.676,7.181,7.212,6.674,6.819,6.747,6.685,6.922,6.829,6.84,6.902,7.181
s601939,12.473,13.083,13.134,12.846,12.897,12.473,12.507,12.541,12.406,12.287,12.541,12.592,12.101,12.033,11.864,11.678,11.847,11.78,11.712,11.881,11.847
s601988,6.698,6.888,6.939,6.888,6.939,6.767,6.802,6.733,6.698,6.647,6.698,6.698,6.509,6.509,6.406,6.354,6.457,6.388,6.337,6.457,6.509
s601998,8.987,9.396,9.368,9.241,9.241,9.057,8.973,8.973,8.86,8.874,8.958,8.888,8.619,8.591,8.421,8.308,8.421,8.294,8.238,8.323,8.337
s000001,2133.035,2271.706,2235.87,2234.312,2295.077,2204.708,2192.243,2249.893,2201.591,2148.616,2196.917,2157.965,2005.271,2017.736,1963.203,1894.646,1975.667,1916.46,1946.064,2013.062,2002.155
s000166,7.764,7.92,7.877,7.849,7.891,7.764,7.75,7.792,7.637,7.594,7.198,7.269,6.647,6.746,6.703,6.604,6.831,6.718,6.675,6.76,6.802
s000563,66.629,67.756,66.504,65.001,66.003,65.252,66.128,68.007,65.377,62.496,56.234,56.86,53.353,54.481,54.23,54.355,56.86,55.107,54.606,55.733,55.483
s000686,59.525,64.206,61.779,60.565,61.316,59.236,60.218,61.836,60.912,62.068,56.693,56.809,51.145,51.781,50.683,47.62,51.087,51.029,50.798,51.723,51.434
s000712,144.581,150.016,148.435,145.174,147.644,147.447,153.178,152.684,144.284,141.32,133.908,136.378,122.74,123.926,121.555,120.27,126.199,123.828,122.345,124.717,124.618
s000728,19.525,19.989,19.71,19.618,19.952,19.265,19.265,19.395,18.615,18.764,18.114,18.189,16.37,16.722,16.425,16.351,17.038,16.815,16.518,16.815,16.889
s000750,57.101,58.145,57.481,56.532,57.196,55.868,55.963,56.437,54.635,54.256,50.082,50.746,45.719,46.952,46.288,47.426,49.134,48.565,48.09,48.944,48.754
s000776,86.743,89.499,90.148,89.013,90.31,87.661,87.445,87.716,85.283,85.121,83.23,84.094,75.717,76.744,75.934,75.447,78.095,75.663,74.853,75.555,75.609
s000783,36.356,38.087,37.655,37.414,37.703,36.597,37.318,38.28,36.741,37.847,35.827,37.895,34.24,36.019,35.587,37.606,39.29,37.847,36.26,36.981,36.933
s002142,46.923,47.691,46.701,46.721,47.267,45.691,46.014,46.014,45.913,44.862,45.872,46.277,43.266,44.781,44.054,42.962,44.276,44.761,44.276,45.65,45.852
s002500,10.127,10.506,10.387,10.3,10.463,10.344,10.225,10.322,9.802,9.781,9.315,9.412,8.47,8.578,8.459,8.513,8.838,8.925,8.773,8.849,8.795
s002673,29.15,29.942,29.496,29.1,29.546,28.877,28.53,28.58,27.565,27.416,26.054,26.326,23.701,24.32,24.073,23.924,24.964,24.518,24.469,24.766,24.766
s002736,13.86,14.214,14.332,14.117,14.225,13.924,13.903,14.526,13.946,13.709,13.075,13.258,12.248,12.56,13.011,12.538,13.054,13.086,12.742,13.118,13.043
s600060,48.862,49.411,50.555,49.731,50.555,49.594,48.587,48.542,46.574,46.391,44.836,43.189,40.215,40.535,40.261,40.49,41.405,40.718,40.307,40.901,41.13
s600261,53.277,53.948,54.216,54.485,54.887,54.753,56.363,62.0,57.437,58.376,61.329,58.779,52.874,50.861,50.056,48.446,49.788,49.117,49.519,50.593,50.459
s600336,10.302,10.409,10.473,10.665,10.558,10.345,10.153,10.26,9.726,9.534,9.279,10.217,10.281,10.964,10.366,9.812,10.132,11.156,11.198,11.518,11.859
s600690,573.301,589.346,594.361,597.369,613.749,591.018,591.686,583.998,568.955,559.929,557.255,574.304,545.555,560.263,551.238,531.515,549.232,526.166,527.838,543.883,547.561
s600854,21.454,21.769,22.891,22.262,22.577,22.218,21.724,22.083,20.916,20.467,19.121,19.21,17.819,18.088,18.268,18.178,18.717,18.761,18.537,18.986,19.121
s600870,25.467,26.062,27.385,26.261,25.864,25.07,24.342,24.012,22.821,21.696,20.638,20.44,19.447,19.117,19.183,20.175,20.175,19.315,18.984,19.91,20.572
s600983,13.277,13.333,13.596,14.196,14.046,13.746,13.465,13.671,13.315,13.465,12.114,11.495,10.727,10.877,10.858,10.52,10.745,10.633,10.502,10.633,10.727
s603366,11.302,11.42,11.679,12.009,12.009,11.632,11.302,11.42,10.759,10.759,10.051,10.169,9.249,9.579,9.532,9.532,9.792,9.721,9.556,9.792,9.957
s603519,34.91,35.589,35.442,38.188,41.998,44.657,42.737,45.867,44.036,43.771,45.129,49.5,45.602,48.732,50.859,47.728,48.732,46.517,46.488,46.813,47.285
s000016,90.62,91.998,92.687,94.41,93.032,91.481,89.586,90.964,86.141,84.59,81.144,82.695,74.425,74.77,74.77,75.287,76.837,78.732,75.976,77.01,77.354
s000100,9.24,9.506,9.554,9.216,9.216,9.096,8.951,9.24,8.83,8.685,8.444,8.661,8.131,8.275,8.468,8.396,8.565,8.492,8.42,8.541,8.517
s000333,226.447,232.514,233.042,234.889,242.188,232.119,229.832,231.283,226.051,217.081,225.611,230.404,215.762,223.149,223.149,223.149,223.149,223.149,223.149,223.149,223.149
s000418,139.908,142.268,142.108,146.553,149.876,144.949,132.643,132.689,128.701,124.897,128.335,132.116,122.537,131.52,131.52,131.52,131.52,131.52,131.52,131.52,131.52
s000521,15.866,16.017,16.659,16.281,16.584,16.13,15.904,16.206,15.488,14.997,14.43,14.695,13.675,13.977,14.09,13.977,14.43,14.204,14.128,14.317,14.43
s000533,7.045,7.183,7.575,7.674,7.713,7.497,8.243,7.811,7.026,6.574,5.927,6.516,6.26,6.417,6.28,6.202,6.359,6.26,6.123,6.339,6.378
s000541,138.061,140.721,141.607,140.499,144.266,140.721,136.953,137.397,131.413,131.413,131.413,131.635,123.657,124.987,125.208,124.765,128.754,125.208,129.197,126.981,124.1
s000651,6670.023,6851.184,6759.427,6999.407,7646.411,7192.332,7174.686,7047.638,6793.542,6608.852,6741.782,6538.269,6061.839,6284.173,6155.949,6093.601,6499.449,6364.167,6277.115,6580.619,6610.028
s000921,15.565,15.916,15.586,15.828,16.279,16.433,15.554,15.092,14.509,14.905,15.455,14.685,13.96,14.817,14.498,14.355,15.037,14.663,14.048,14.564,14.674
s002005,19.925,20.294,20.515,20.589,20.958,20.368,19.704,19.851,18.449,17.637,17.637,16.752,15.94,15.128,14.538,13.8,13.947,13.8,13.136,13.8,13.8
s002032,430.055,439.85,443.455,451.507,465.207,449.704,445.798,446.339,406.2,415.333,407.882,407.221,404.698,414.312,397.547,385.89,407.342,403.676,395.504,405.9,408.904
s002035,164.988,167.062,171.21,170.749,174.781,166.486,164.643,161.301,153.928,149.088,158.306,159.112,146.439,148.973,145.862,141.6,149.088,149.78,144.595,150.932,151.047
s002076,23.225,23.513,23.743,23.686,23.916,23.455,22.879,22.706,21.15,20.631,18.557,19.824,18.672,19.018,18.902,18.614,19.191,19.191,18.96,19.363,19.248
s002242,103.036,106.028,103.426,103.513,103.73,96.791,96.965,96.965,95.187,94.449,92.888,94.796,90.633,89.679,89.289,88.422,94.71,93.192,91.978,92.325,92.845
s002260,7.853,8.246,8.662,8.362,8.777,8.777,8.338,7.923,7.53,7.276,7.276,7.276,7.276,7.276,7.276,7.276,7.276,7.276,7.276,7.276,7.276
s002290,24.574,24.76,25.132,24.919,25.451,24.574,24.229,24.999,22.661,23.086,21.599,21.599,20.509,19.473,18.49,17.561,16.684,15.86,15.063,14.319,14.399
s002403,13.517,13.716,13.787,13.802,13.816,13.546,13.275,13.389,12.948,12.763,12.393,12.635,11.81,12.237,12.137,12.308,12.607,12.564,12.379,12.635,12.678
s002429,27.763,28.48,28.659,30.361,28.928,28.39,28.032,28.928,27.763,27.405,26.151,26.957,24.718,25.077,24.808,24.987,26.33,27.137,26.51,26.868,26.689
s002473,21.869,22.534,22.181,21.911,22.077,21.018,20.976,21.059,19.73,19.398,18.484,18.733,16.864,17.113,17.487,16.926,17.612,18.006,17.446,18.027,18.027
s002508,204.92,210.833,208.905,208.005,207.876,197.399,192.257,192.45,190.264,185.765,188.207,187.564,170.338,170.145,168.474,168.538,176.637,174.13,174.195,176.573,176.187
s002543,50.771,51.42,51.933,52.104,52.548,51.967,51.318,51.625,49.54,48.48,49.916,53.027,47.728,46.668,46.394,47.317,47.659,46.6,47.01,47.181,47.352
s002668,31.815,32.21,31.865,35.076,38.583,39.028,35.125,33.446,30.432,31.568,32.853,31.815,28.653,29.296,29.642,29.197,30.333,29.395,32.359,33.05,34.384
s002677,50.814,51.612,51.358,51.83,54.189,52.846,51.685,48.237,49.906,49.072,50.85,52.012,47.003,48.455,48.745,47.91,50.197,50.523,49.652,52.266,52.338
s002681,57.577,58.851,60.126,59.489,59.701,58.214,55.346,56.408,53.859,53.434,53.434,53.965,48.547,49.078,48.335,48.122,49.503,48.228,47.591,48.653,49.185
s002705,24.354,24.963,24.538,24.132,24.003,23.247,23.21,23.265,22.546,22.435,21.955,22.14,19.926,20.0,19.52,18.874,20.295,20.11,19.797,20.516,20.572
s002723,28.24,28.138,29.076,27.649,27.526,26.221,25.773,26.425,26.67,29.341,29.137,28.75,25.875,25.059,24.284,24.468,25.283,27.628,26.955,27.241,27.017
