-1.392761238063246,-1.5305198442479717,-1.45514280367844,-1.5201225254746809,-1.2939890567415309,-0.9612865911189763,-0.7559454129078552,-0.8209274817286493,-0.2101049535064876,0.07061326527416417,-0.15032389109689281,0.0030330402723242372,-0.23609825043971566,-0.01776159727425884,0.34093416528152604,1.0427297122331556,1.0167364152999274,1.0271337340732196,1.1441000497359175,0.8191943996810537,1.2532672028063694,1.4430124028575513,1.1518968653036095,1.0323323934598656
-1.1042913006893529,-1.5943269816894072,-1.5943269816894072,-1.26854907085697,-1.1042913006893529,1.6689273856405582,0.4452069978918187,0.28231804247560016,1.26102058972431,0.935242678891873,2.0768341815568014,1.0160027492242854,0.20018915739179405,1.343149474808121,0.4452069978918187,0.11942908705938157,0.03730020197557549,-0.37060659394067264,-0.20771763852444916,-0.7785133898569159,-0.7785133898569159,-0.6963845047731098,-0.20771763852444916,-0.12558875344064307
0.5319544049162775,0.09146432127699465,0.36233440825423013,0.29500831727145,0.2610843179390383,0.5319544049162775,0.9040745822087048,1.784532841805231,1.615434752825223,1.5475867541604036,1.310640666515576,1.1076185782031565,0.05806222962662251,-0.11155776703542486,-0.38242785401266033,-1.059342117614731,-1.2628861136091865,-1.093266116947143,-1.1611141156119589,-1.093266116947143,-1.1271901162795508,-1.1950381149443705,-0.8223960299699037,-1.093266116947143
-1.2750273973009947,-1.4325055901125414,-1.6218400585691743,-1.7949458583009485,-1.5587285690836288,-0.8657043083519006,-0.8657043083519006,-0.944443404757674,1.1202038941265327,1.0570924046409869,0.8996142118294402,0.3322118682641766,-0.2508180822213188,0.6471682538872698,0.3009566544237173,1.5138993761553992,0.9939809151554453,0.8839866049092127,0.7421360190178935,0.22221755801794393,0.6159130400468106,0.3478394751844041,0.15910606853239814,0.7733912328583572
-1.3580550555953343,-1.4381860840276701,-1.1757442061938694,-1.3507054580830704,-1.34345793831403,-1.2121859605255172,-1.2194334802945574,-1.161147088912565,-0.39556401471828423,0.49404351749546893,0.5741745459278048,0.15126645574288397,-0.016447276377276537,0.7637329150983087,1.2522769941774843,1.6605879670811008,1.223184837358102,0.946043764499772,1.1429517311825412,0.3554219421946922,0.8147717867112607,0.5377327915961556,0.2242520421494043,0.5304852718271166
-1.8192556066953538,-1.7462887838526822,-1.5565284202937826,-1.2210675318892907,-1.177240814015736,-0.8415468047714916,-0.9145136276141631,-1.0604472732995096,0.19467532793036169,0.8075500156408627,0.8949703305482182,0.8658302255790996,0.4135757964583814,0.6469297570510799,0.45716939349218205,0.8513767335144174,0.705443087829071,0.38420257064950886,0.35506246568039035,-0.038911753502092625,0.44271590142749984,0.5301362163348553,0.8366901206099812,1.9894726731883066
0.11880330069125525,0.22348040069757044,0.3539361895114064,1.2436915395650856,1.714738489593504,1.2702514007607169,0.8515430007354561,0.7726445895366671,0.5632903895240368,1.113235750751244,1.0608972007480866,1.008558650744929,0.014126200684940048,-0.9014078381762655,-0.953746388179423,-0.40458219934032075,-0.14288944932453276,-0.40458219934032075,-0.37802233814468944,-1.032644799378212,-1.294337549394,-1.3982334770122047,-1.6599262270279926,-1.7388246382267816
-0.8540123574353158,-0.6348807868421242,-1.117398512317684,-1.380784667200052,-1.4685800521608399,-0.8104715567637047,-0.8104715567637047,-1.2051938972784717,0.15527767780498036,0.4629184169765253,0.11173687713336937,-0.4592900169205488,-1.0296031273568962,2.3501623018247186,0.3751230320157376,1.4286676515452053,0.8576407574912922,0.33086844772655577,-0.23944466270979162,0.15527767780498036,1.0332315274128727,1.6477992221383968,0.901895341780474,0.1995322620941571
-1.7654794274411263,-1.580902014876605,-1.6039991235593065,-1.4655361456013525,-1.3501702763260999,-0.6464863434023598,-0.6119005174474337,-0.7503236040259711,0.11488052415900787,0.33404376267845526,0.09182330685572533,0.011043263535396582,-0.3234858442593011,0.068726198173024,0.1725634587966353,0.6916699791558543,0.8762473917203755,0.680141370504213,1.1646620649085058,0.9224017177063594,0.9916132609956281,1.1761906735601493,1.3607680861246707,1.4415082380655806
-0.8372773123550431,0.24215768273598626,0.7486339010373808,0.8151164595256297,1.4315910927803022,1.696312552942605,1.2115942628737293,1.4315910927803022,0.9251148744789162,0.1539171960152186,0.13215926778269985,-0.04432170565882687,-0.7925526820993044,-0.17607804884463205,-0.947275727308321,-1.4090273153539854,-1.6302329190512508,-2.1584670655851554,-1.2337551157031428,-0.3078343920304372,0.04391878106194078,0.11040133955018969,0.24215768273598626,0.3521560976892727
-1.3874373527107011,-1.6716192382473265,-1.5763627403020883,-1.544610574320343,-1.1350076331558208,-1.0730909094914167,-1.0730909094914167,-0.8524133559182844,-0.9159176878817746,0.7526586344589684,1.2559304652696373,0.5637332468675783,1.005088354013846,1.0670050776782498,0.8479151324042039,0.4383121912396842,0.34305569329444596,0.5319810808858332,0.6907419107945617,0.8479151324042039,0.8161629664224588,0.7209064684772205,0.8161629664224588,0.5319810808858332
-1.5425214587457756,-1.7472837973422488,-1.4680685964851434,-1.5425214587457756,-1.300566623778448,-0.7793965879540107,-0.7793965879540107,-1.0400155406256928,0.5606870632184651,0.5234945668476145,0.24427936599050518,0.16982650372987296,-0.27689066983392807,0.22568311780507794,0.2628756141759324,1.7333366112031765,1.1749740790078889,0.8584985122610017,0.8957588781507795,0.4117813386972007,0.8213060158901472,1.11911746493268,0.5606870632184651,0.9143551263362066
-1.2726825381650504,-0.762492946351288,-0.9205314731084105,-0.762492946351288,-0.5271529662890471,-0.3313226179160869,-0.09598263785384605,-0.1354922695431328,0.76635801901655,1.0807172624573522,0.9226787357002295,0.4915084072650285,0.3351876905813489,2.5700585961359095,1.316057242519593,0.17886697389767545,1.5118875908925533,-0.018681184548733867,0.216658795513507,-0.17500190123241344,-0.48936114467321556,-0.8810218414191299,-2.0972313734196146,-0.9205314731084105
0.3766268558536141,1.1585286091458558,-0.17428311733981552,-1.2771875321778405,-1.3682828820759618,-0.7718252339334754,-0.6796454155841806,-0.5874655972348858,1.2040762840949204,0.79089380419985,2.9956181654247267,1.1585286091458558,0.285531505955485,1.2040762840949204,0.4688066742029012,-0.44973810393652647,-0.31201061063817487,-0.7718252339334754,-0.6796454155841806,-0.909552727231827,0.10117186925689543,-0.35755828558723174,-0.44973810393652647,-0.9551004021808915
-0.13111515969897258,-0.5398553285619946,-0.5023726056531572,-0.35422660558490066,-0.391709328493738,-0.13111515969897258,2.430204239071483,0.7595457322776502,0.9451744552547441,1.4645779012771853,1.168285901140672,1.2414664553912573,0.7970284551864875,0.9076917323459067,0.722063009368816,-0.27926115976722915,-0.5398553285619946,-0.9860782203338507,-1.282370220470364,-1.3198529433791981,-1.0592587745844357,-0.8004494973567569,-1.0592587745844357,-1.0592587745844357
-1.4980315096832584,-1.3542727606623968,-0.7768615869091984,0.6654782586389216,-0.1519268597606672,-0.1519268597606672,1.3866481814129816,0.8567605610551075,2.4915707978542936,0.8092370076597832,0.6167666164087171,-0.1519268597606672,-0.5368676422628079,0.4730078673878555,-0.4893440888674837,-1.0180436203904775,1.0492309523061736,-0.3443972510117418,-0.5843911956581322,-1.401796314057721,-0.825573229139403,-0.9218084247649403,0.5205314207831797,1.337936539182777
-1.438321701324657,-1.5646161632250453,-1.6651924801566282,-1.6651924801566282,-1.6146746953964728,-0.5308385859967719,-0.8582856817603262,-0.9088034665204814,0.4781393514401547,1.6377521379800886,1.1334927955559908,0.7807868074123588,0.3518448895397631,1.0581753710044854,0.27606821239953017,0.4781393514401547,0.20075078784802483,0.15023300308786952,1.3103050422165343,0.1754918954679472,0.7807868074123588,0.6039745607518121,0.3771037819198408,0.452880459060077
-1.1301004349609294,-1.2232104387000717,-1.260486299906161,-1.2791242305092059,-1.260486299906161,-1.186014226770064,-1.167376296167019,-1.167376296167019,-0.869328705070467,-0.5153673221647804,-0.12420972732908594,0.30422372871269765,0.7792520112620935,1.1238944288662576,1.3753471934551977,1.3473902975506309,1.0772996023586452,0.8631226989757945,1.328832016223667,0.6861420075229506,0.8444847683727491,0.5837130384822866,0.43468924293401034,0.43468924293401034
-1.119269601784181,-1.4657182482591957,-1.2747967285370878,-1.324348878693971,-1.0130864228765728,-0.2845865346457558,-0.3978485921472027,-0.5038235687432263,-0.07950725773596577,0.23154699576984786,0.04770435464158006,-0.10074389351748651,-0.48966581155554584,-0.5321390831185888,-0.2987442918334363,-0.22108482961277515,0.34480905327129624,0.5215728158057238,0.571124965962607,0.09725650479846326,0.9954412769698691,2.0066799043311385,2.2542324528039717,2.0349954187065014
-1.0263059046441358,-1.6824551692952223,-1.7471459418664554,-1.485742411884739,-1.4197314194651116,-0.9616151320729027,0.4153741698005032,-0.10875311001132847,0.34936317738087586,0.5460759347913637,0.4153741698005032,-0.10875311001132847,-0.43748785226107106,2.7732868190295603,0.5460759347913637,0.021948654979532085,-0.1747641024309558,0.15265041997039264,0.6120869272109911,1.0702032146031955,0.8074794647730849,0.4153741698005032,0.4153741698005032,0.6120869272109911
-1.130596617224949,-1.216753752645915,-1.3396336015249957,-1.4752251589088128,-0.2699668710526751,-0.7741979750737376,-0.15932792665963158,-0.1715688311456687,-0.2699668710526751,0.22202332848235024,-0.9465122459156727,-0.4667629508666879,-0.14708702217359446,0.7135427239986795,0.16034800203346186,-0.4545220463806441,-0.41779933292253274,0.23426423296838733,0.7752180504475679,0.07419086661249259,2.6565509091480037,1.2794491544686304,1.8204029719478108,1.3039309634407112
-0.9351270558691152,-1.446949399748914,-1.4166725850405306,-1.3863957703321494,-1.3863957703321494,-1.0252366234535868,-1.0555134381619702,-0.9956806852858797,0.11807357005818707,-0.18325282394428521,1.0206109989842531,1.682375663324614,1.381770145862816,1.9829811807864097,0.9305014313997816,0.9002246166914006,0.4785118403960732,0.17790632293427758,0.11807357005818707,0.147629508225894,0.38840227281160167,0.17790632293427758,-0.002312812234665487,0.3285695199355137
-0.5870465836446772,-0.6647218453799787,-0.6647218453799787,-0.6536444455105116,-0.6980875076374107,-0.7536079696337769,-0.6647218453799787,-0.5758357211261796,0.06852194838934474,-0.25365688636841793,-0.02036417586445343,-0.14261596237568444,-0.24257948649894978,0.03515628613191283,-0.20921382424151788,-0.18705902450258352,-0.4314291348760152,-0.6202787832530796,-0.6536444455105116,-0.05372983812188533,0.7239570177743372,1.5794525980548908,2.5238343025892442,3.1460371723658334
-1.438040132995915,-2.3307517811301155,-1.6393207970001828,-1.0348987454369358,-1.0923246409309508,-0.4583195522950293,-0.6027543803557296,-0.6311772983275135,0.5498239463776403,1.0683971844750886,0.6362528193938823,0.261534349806687,0.08867660377420286,2.277821347152026,0.6362528193938823,0.43439209583917116,0.261534349806687,0.0022477307579607886,-0.19903293324630306,-0.055178164736050105,0.6936787148878932,0.9529653339366194,0.6362528193938823,0.9819683114588464
-1.3481975599359364,-1.3228651373803781,-1.6582181597825174,-1.7872928842322604,-1.4000687108830288,-1.219122835486191,-1.2456615638777275,-0.7293626660787526,0.01975325806415478,0.48418100491603716,0.48418100491603716,0.355106280466294,0.22603155601654865,0.5095134274715953,0.48418100491603716,1.206758200667408,0.8701988724292906,0.6385881519213386,0.5867170009742461,0.7423304538155256,0.7676628763710818,1.103015898773221,1.1548870497203156,1.0776834762176648
0.6378532881671605,-1.087552025524794,-1.3032276897362882,-1.3571466057891637,-0.9257952773661752,-0.7101196131546809,-0.4944439489431866,-0.009173704467322429,2.041991727044075,0.6378532881671605,0.42217762395566616,-0.17093045262594114,-1.087552025524794,-0.22484936867881672,-0.8718763613132996,0.04474521158555314,0.42217762395566616,0.26042087579703943,0.3682587079027906,-0.38660611683743545,0.20650195974417188,0.691772204220028,3.066451132048671,-0.17093045262594114
-1.8879716523786327,-1.8879716523786327,-1.8879716523786327,-0.618230639486213,-0.5179607250352769,-0.7185005539371466,-0.7519238587541254,-0.8521937732050615,-0.01661115278060359,0.28419859057219987,1.3199764697457737,1.9546746911156077,0.9523201167590127,1.453669689013686,0.7183569830401667,0.8186268974911003,0.5846637637722518,0.1505053713042875,0.5512404589552731,0.1505053713042875,0.45097054450433943,0.1505053713042875,-0.2171509816824734,-0.18372767686549468
0.7752260848835607,0.008385986677500396,-0.18396094825458414,-0.375034062425532,-0.375034062425532,0.07207702473448302,0.45549707383751087,0.45549707383751087,1.3497192481575364,0.5191881118944935,1.1573723132254519,0.5828791499514762,-0.05657887214062342,1.0299902371114866,0.008385986677500396,-1.5889852477916027,-1.5889852477916027,-1.7176411446667046,-1.4616031716776374,-1.6526762858485853,-0.24765198631156676,0.966299199054504,1.9879034494884902,-0.12026991019760151
-2.0875117237737713,-2.036915316520975,-0.7003268915928567,-1.2147236986629835,-0.8549270248652985,-0.7523287546026769,-0.8029251618554782,-1.1627218356531632,0.173866589274955,0.5842596703254412,0.5336632630726399,0.07126831901233344,0.173866589274955,0.3270612667903779,0.6362615333352615,2.1260446357787974,1.3558548809306314,0.7388598035978831,1.1492528846483694,0.07126831901233344,0.5336632630726399,0.5842596703254412,0.173866589274955,0.37906312980019813
-1.4062923589475316,-1.4564506932300272,-1.4564506932300272,-1.5066090275125246,-1.356134024665036,-1.0551840189700588,-1.1053423532525544,-1.0050256846875614,0.4492888916358658,0.5997638944833544,1.1512284537218518,0.7000805630483474,0.4492888916358658,1.3017034565693384,0.850555565895836,1.8534451336767974,1.1010701194393544,0.3991305573533703,0.5496055602008588,0.09818055165839304,0.3489722230708727,0.19849722022338412,0.09818055165839304,0.19849722022338412
-1.6604612571426105,-1.8856182939375328,-2.0201949136310473,-0.6951328120333562,-0.9418566148048022,-0.24568140908257668,-0.6951328120333562,2.4260095600893226,0.8990825289513633,0.44963112600058375,0.6299292895643285,-0.11110478938906235,-0.4259795726463276,0.517782106486403,1.662546044520343,0.831794219104603,0.4944899992317552,0.15804844999796633,0.20290732322913776,0.38234281615382354,-0.043816479542308245,-0.0886753527734797,0.11318957676679488,0.04590126692003464
-1.5885531152094448,-1.509825612197534,-1.7066443697273137,-1.6410381172173867,-1.2474476317295191,-0.3553436863095932,-0.5258729132637108,-0.3815391577418715,0.31379305971996646,0.28755055871599616,0.025125548676289328,0.06448930018224475,0.025125548676289328,0.20882305570408397,0.418716034164157,0.7467002671420976,0.6811410442038625,-0.17164617928179854,-0.09291867626988635,0.31379305971996646,1.0091252771818058,1.7044574946436424,1.442032484603937,1.9799567256136423
0.7361123716602498,1.323285388821318,0.4002906109681298,0.23340985872235356,0.6516418674370779,0.987463628129198,1.07193413235237,1.490166141067094,1.574636645290266,1.659107149513438,0.1077342304878795,0.06446885027601336,-0.020001653947158568,-0.020001653947158568,-0.3125580344274088,-0.8585259275771748,-1.235552812280597,-1.4044938207269408,-1.068672060034821,-0.899731051588477,-0.8585259275771748,-0.9842015558116489,-1.3612284405150712,-1.2767579362918993
-0.9522463962615549,-1.4884383987821392,-1.071364880233841,-0.6542913616855472,-0.2572297484445939,-0.39636013772422024,0.3780688327409315,-0.11841700845555285,-0.6345971056687922,-0.35665397640012486,0.020713380824073466,-0.4757724603724109,-0.21752358712049857,-0.07871084713145751,-0.7340213336243278,-1.071364880233841,-0.7537155896410783,-0.2772416537519342,0.5765996393614082,1.0136850632170513,1.5298651604302906,1.9666329349953393,2.0063390963194347,2.04604525764353
-1.2526349073571752,-1.3602928439795692,-1.4033560186285265,-1.4679507806019618,-1.3818244313040478,-0.9511926848144735,-0.9296610974899947,-1.0157874467879087,-0.08960782486033221,0.9869715413636042,1.783961639344308,1.4176032878531775,1.1807558272839132,1.1592242399594344,0.8362504300922528,1.0300347160125618,0.7501240807943377,0.3194923343047645,0.4917450329005924,-0.04654465021137466,0.21183439768237064,0.1472396357089343,-0.28371347775563266,-0.13267099950928976
-1.2622822285906738,-2.061588249345202,-1.8166589006834986,-1.8548917746209348,-1.378175627713525,0.5406367330215565,-0.4641709851466881,-0.734190657329835,0.21924163648498463,-0.09020568694614074,1.043637980760952,0.7987086320992527,0.3865104599612691,0.8632266068686747,0.11649078777812212,0.24433196000642815,0.12843856088357283,-0.15472366171556692,0.27061706083841375,0.7341906573298308,0.9922625564075228,1.1595313798838072,1.0054051068235155,1.3136576529440989
2.4187502885874284,0.4478510287220963,-0.3581034562336329,0.4932569151984706,-0.6277009071871417,0.40386407619810555,0.04487378624423171,-0.6716878597111324,-0.2233047307568835,1.8809743206328144,0.717448479675595,0.31305230324534694,-0.5368891342343831,1.2098185611538348,0.6720425931992208,0.9402211102003359,0.6266367067228364,-0.9412853106646312,-0.9412853106646312,-1.2548697141421308,-1.0306781496650064,-1.1640579411893721,-1.523048231143246,-0.895879424188257
-0.7849714795721364,-1.5477122054444363,-0.919544812129407,-1.4583136665018,-1.4131388728871692,-0.5158248144575988,-1.0094188752153577,-0.5158248144575988,0.9197825742010539,0.5160625765292423,1.5926492369874032,0.7400344480291526,0.2017411178000705,2.759109960531515,1.1442299698442717,0.6953351785578328,0.42618851344329167,0.022468515771483434,0.2017411178000705,-0.6955729406294999,0.15704184832875398,-0.20197887987173774,-0.20197887987173774,-0.1121048167857871
-1.1292535100655803,-1.6242013273533105,-1.6242013273533105,-1.525340155028656,-1.3276178103793426,-1.0303923377409259,-0.8326699930916123,-0.5360864761176398,0.8492538477564476,0.5526703307824752,1.6407851820181458,1.046976192405761,0.4531672027933718,1.7396463543428002,1.4430628373688323,0.948115020081102,0.4531672027933718,0.1565836858194039,0.1565836858194039,-0.04113865882990955,0.1565836858194039,-0.04113865882990955,0.0577225134947449,0.0577225134947449
-1.4493129617640836,-1.6374574958321537,0.724801654133628,0.22772844066983391,-0.6433110689045698,-0.5805962242152104,-0.6433110689045698,-0.7037031415683948,0.22772844066983391,0.724801654133628,2.155629221861181,0.7875164988229874,0.04190667862729429,2.0929143771718257,0.9733382608655229,1.161482794933597,0.7875164988229874,0.10462152331665374,-0.020808166062061033,-0.8291328309471094,-0.7037031415683948,-0.8291328309471094,-0.8918476756364648,-1.0776694376790044
-1.1223890982647302,-1.7350546803070446,-1.7350546803070446,-1.6737881221028115,-1.5512550056943508,-1.1223890982647302,0.10436686949906847,-0.32449903793055207,0.10436686949906847,0.6571906970163198,0.47339102240362346,0.04310031129483805,-0.018166246909394904,2.0064797811885793,1.1473231626501732,1.0247900462417074,0.7184572552205503,0.47339102240362346,0.1656334277032989,-0.018166246909394904,0.1656334277032989,1.3923893954671,0.412124464199393,0.412124464199393
-1.0762280096105368,-1.1106585616508873,-0.9745759035866407,-1.1434495635940822,-1.3451142255447155,-0.9073543496030952,-1.2451016696179782,-1.2106711175776246,-0.40237291967792965,-0.43680347171828027,1.584761798079541,0.3042731721978722,0.0009564042233399174,0.8436851541633884,0.8092546021230378,0.5059378341485056,0.5403683861888591,-0.09905615170339739,0.16983006423078137,0.16983006423078137,0.4387162801649601,2.055312675964359,2.0225216740211613,0.5059378341485056
-0.8900990938394295,-0.9950261836716894,-1.0455466343316675,-1.2009941748239124,-0.9406195444994075,0.038699960601714926,0.19414750109395285,-0.011820490058263092,1.1229465555350973,2.3082340517884354,1.845777618824019,1.4299554480072691,0.9169785643828744,1.2239874568550533,0.038699960601714926,-0.7346515533471847,-0.9406195444994075,-1.0960670849916454,-1.1465875356516304,0.4506359429061537,0.038699960601714926,0.038699960601714926,-0.21778848121048594,-0.4276426608750127
-1.5137999578295327,-1.7381866605176512,-1.7755844442990047,-1.5137999578295327,-1.100928424883396,-0.7254546757186124,0.5505577069011544,-0.1255942238657079,0.287277309080429,0.4757621393384473,0.5131599231198009,0.025492822610956895,-0.27518535899112206,1.2252137263167608,0.287277309080429,0.32467509286178253,0.24987952529907545,0.10028839017366396,0.10028839017366396,-0.27518535899112206,0.10028839017366396,2.3890327575924695,1.3763007727934256,1.0382248074099958
0.834752127095721,0.5282948192802813,0.4774832449274627,0.22183751146484737,0.6315058296844462,0.7331289783900836,0.6823174040372649,0.22183751146484737,0.9887747118526989,0.9887747118526989,1.1427972966096824,0.9887747118526989,0.5282948192802813,0.5282948192802813,0.22183751146484737,-0.18783080675475713,-0.39266496586455374,-0.8531448584369713,-0.08461979635059226,-1.3644363253622132,-1.9265393666402681,-2.4378308335655046,-1.9265393666402681,-0.5450996889230099
-1.1010754725698608,-1.2443567256479098,-1.2876743137877846,-1.3226615965161452,-1.3484855432918406,-0.9965301396553554,-0.7449549162276192,-0.8228432718252784,-0.41049315395531366,0.011020299867317809,-0.15391974728066868,-0.12809580050497338,-0.38008753920328575,-0.29303584765295987,-0.19307218271478563,0.5020918038760941,1.11895091959874,0.8319718981720671,0.9710879985443583,0.9015299483582134,1.5313010374687048,1.3576141696386292,1.448831013894713,1.7528871614149892
-1.7072965082642768,-1.788130144832356,-1.8460912411496622,-1.6612915125326049,-1.0606274157196427,-0.8295627761407932,-0.6564592328792462,-0.5639294109556566,0.013342315146285014,0.025038500501795322,0.6140064119592472,0.382941772380396,0.24440695472513624,0.4637754089484753,0.7642374149700192,1.4109065075146534,1.0875719612423362,0.7065362338828368,0.8219385960571997,0.2561031400806447,0.7525412296145089,0.810502325931813,0.33693677664872396,1.4226026928701618
-1.4313295240697064,-1.7659811900672098,-1.575722374880811,-1.5281576710842104,-1.4788942278663038,-0.6685955239028051,-0.8129883747139096,-0.86055307851051,0.47465610663689395,0.8076090332130941,1.094695995413997,0.8076090332130941,0.3319619952470956,2.0001241069707,0.9520018840241986,0.9044371802275981,0.8076090332130941,0.379526699043696,0.379526699043696,-0.09781907834360866,0.4270914028402965,0.4270914028402965,0.1417031800606968,0.28439729145049514
-1.5042291429093326,-1.575473911951448,-1.527956855782355,-1.5042291429093326,-1.1538601878881993,-0.7024789694933397,-0.42335478351432204,-0.6193395288031884,-0.3224041505636426,-0.055174636232660654,-0.23334818926099707,-0.07298582849318976,-0.3045929583031135,-0.11458636404978849,0.1111042451476418,0.6633744660701347,1.1978951251551457,0.8474645397109655,0.8890650752675642,0.746513906760286,1.3997963910565063,1.4176075833170347,1.2810345658452962,1.5601587518243127
-1.1501220094737028,-1.5002931187204802,-1.5439531297970501,-1.6023149813381798,-1.5149949591850402,-0.4493342806630366,-0.9603346143857535,-1.0476546365388948,0.07592238320712864,1.1121793808000124,2.133734537928336,1.258306764811392,0.6016245573944039,1.3603286274290916,0.4118371623064576,0.630582728006417,0.5138590249241574,0.16368791567737837,0.38243348137733774,0.017560531665998823,0.36773164091277777,0.20734792675394825,0.1200279046008085,0.4118371623064576
-1.9858772116462513,-2.0488629101112084,-1.92251659830948,-1.92251659830948,-0.5743227192619422,-0.15291840334163237,-0.46897164028186544,-0.21590410180659197,0.26848591257867477,0.22649544693536927,0.31085129309379467,0.10014913513364107,0.2898560602721432,0.6269045300340277,-0.02619717666808982,1.1956503905777172,0.8376066879941813,0.41620237207387145,0.5845391495189078,0.3738369915587516,1.0483088459543348,0.9849482326175636,0.7322556090141045,1.321996702379448
-0.17881987342227326,-0.48535130737943216,-1.1666375547216286,-1.9500219844715072,-1.847923802063825,-0.31502974554388474,0.02561337812721011,0.02561337812721011,1.7285921097485721,1.1155292418342475,1.1155292418342475,0.059488181107020394,-0.553574686807304,1.0814175521203115,-0.5194629970933681,1.2176274242419298,1.8648019818701902,0.8089978078770887,0.5024663739199231,-0.008498311586725855,-0.1447081837083373,-0.6215611795010503,-0.9622043031721451,-0.7918827413365978
-1.8770064521938719,-1.8770064521938719,-1.2179140081993107,-1.0205931221885944,-1.2179140081993107,-0.5608558001430036,0.23046197983811953,-0.3615006781940298,0.8224246378702725,1.0217797598192426,1.5486468678272414,0.7573290878461183,1.4164215318406828,1.5486468678272414,0.8895544238326841,0.625103751859556,0.49287841587299386,0.49287841587299386,0.4277828658488396,0.03314109382740308,-0.16417979218331338,-0.49372601418059564,-0.5608558001430036,-0.9554975721644401
-1.483734577367147,-1.5281259246750987,-1.4773929563231547,-1.5534592066466535,-1.242885786513082,-0.7611550026005361,-0.7167968574970025,-0.9132875032475338,-0.2096995894084818,0.01215754051802052,-0.2033579683644895,-0.013208943657950506,-0.2096995894084818,0.03749082248957541,0.3734307267991179,1.0833602616821623,1.2228095202411733,1.1467432699176745,1.0897018827261544,0.9122361001076038,1.3115590126526586,1.3432339156682058,0.969277487299122,0.810803365608132
-1.0406315091122318,-1.210600606909074,-1.382286564279621,-1.325630198347338,-1.382286564279621,-0.8140060453831096,-0.9273187772476691,-0.6440369475862673,0.4925240902067584,0.4925240902067584,1.2874300728323917,1.1741173409678323,0.6624931880036008,2.592243348848552,1.2874300728323917,0.8891186517327229,0.6624931880036008,0.20752540097164898,0.09421266910708946,-0.30238189241887803,-0.019100062757473113,-0.18906916055431544,-0.2457255264865952,-0.35903825835115777
3.1976620470326518,1.5479060411587853,0.34918294072866274,-0.9896876082384012,-0.7719966475668143,-0.6788021513315937,-0.47605076639237603,-0.5386547027946622,-0.6631511672310234,-0.865191143802035,0.14643155578944003,-0.3828562701571554,-0.694453135432164,1.8587914980655926,1.1587656637491262,-0.4603997822918058,-0.1801048852179327,-0.4447487981912304,0.8471687984741126,-0.4447487981912304,-0.22705783751964861,-0.6318491990298829,-0.1801048852179327,-0.47605076639237603
-1.4949458108864133,-1.7538993872450817,-1.63880890886345,-1.2651434412230864,-1.2651434412230864,-0.8335541472919764,-0.8335541472919764,-0.8623267668873815,0.1435791576520672,0.11518512515659801,0.2586696360336987,0.11518512515659801,-0.17254107079747535,0.28744225562910924,-0.057450592415843854,0.3162148752245144,1.3800446260547203,0.8049708212465042,1.178636288886868,0.8337434408419148,1.1210910496960522,1.2361815280776836,1.006379158414362,1.3800446260547203
-0.30075234652688615,-1.3957148874418448,0.9879039290625623,0.6018341041671565,0.5372695259423281,0.6650810379384154,1.3094091757331396,0.7296456161632439,0.9879039290625623,0.9879039290625623,0.5372695259423281,0.6650810379384154,0.6018341041671565,1.503102910407625,0.7942101943880724,-0.1716231900772246,-0.3653169247517146,-1.3311503092170163,-1.460279465666673,-1.58940862211633,-0.7513867496471204,-0.686822171422292,-1.460279465666673,-1.3957148874418448
-1.403632606125715,-1.403632606125715,-1.609985944851702,-1.8679276182591844,-1.2488676020812282,-0.8361609246292544,-0.9909259286737412,-0.5782192512217673,0.6083124464526543,0.5051357770896631,0.71148911581565,0.45354744240816286,-0.26868924313278914,1.949609148171567,0.71148911581565,0.71148911581565,1.5884908054010933,0.8146657851786412,0.5567241117711587,-0.010747569725306617,0.35037077304517167,0.2987824383636761,0.40195910772666726,0.5567241117711587
-1.4695905333094932,-1.5978613857630217,-1.405994060244301,-1.5655241960688573,-1.3413196808559649,-0.8918327441070476,-0.1858041024510697,-0.4110865239870985,0.5202245392049082,0.4878873495107401,0.4242908764455479,-0.08987043969170946,0.07073760245598697,2.221160717118081,0.5525617288990763,0.2960200239920196,0.13541198184432315,-0.12220762938587373,-0.12220762938587373,-0.05753324999754137,0.3919536867513798,1.258590370555054,1.5798064548504394,1.3221868436202462
-1.841981345088461,-1.8654110988568524,-1.581325334415105,-1.5578955806467136,-1.155196687752488,-1.155196687752488,-0.6573144201741704,-0.8945406770791322,0.24326674029837544,0.6693953869609951,0.8824597102923023,0.5507822585085141,0.4321691300560333,1.0955240336236147,0.7404168280714326,0.9058894640606964,1.1907074083077067,0.6218036996189517,0.40873937628763923,0.7880085154134759,0.7638465818398215,0.36114768894559585,0.3142881814088129,0.7404168280714326
-0.9632231772614697,-1.3401365944507397,-1.465774400180496,-1.465774400180496,-1.4238951316039112,-0.8794646401082983,-0.8794646401082983,-0.8794646401082983,-0.2931548800361007,-0.04187926857658475,0.33503414861268543,-0.04187926857658475,0.921343908684883,1.8845670859463546,1.5914122059102538,1.7170500116400118,1.0888609829912257,0.6700682972253709,0.7538268343785404,0.25127561145951594,0.5025512229190281,0.12563780572975797,-0.0837585371531695,-0.0837585371531695
-1.3637928027029858,-1.5337985676003705,-1.4775983147417322,-1.5056984411710514,-1.5899988204590112,-0.8832806407616213,-0.9113807671909403,-1.0532864056590034,0.41916021923734736,0.1915491951598569,1.380184543120079,1.0696781460760967,0.33345483362792244,1.6639958200562077,0.9558726340373526,1.0696781460760967,0.7296666162813299,0.1915491951598569,0.3896550864865606,0.022948436583939996,0.24915445433996275,0.2210543279106437,0.8434721283200738,0.5877609778132643
-1.481455191239162,-1.5312073544923837,-1.5312073544923837,-1.6548632165586454,-1.3582823598840952,-0.8887765086012586,-1.0370669369385328,-1.0119493399563235,0.025600627693406167,0.47047191270523064,0.7670527693797792,0.47047191270523064,0.12462192348865407,0.5694932085004786,0.5941277747714926,1.5085049110661521,1.1872894881205895,0.742418203108765,0.6931490705667405,0.248277785554916,0.6187623410425032,0.5694932085004786,0.39656821389218855,1.5085049110661521
1.2186018164452193,1.4802346218002296,1.305812751563554,-0.9702216531914908,-2.194594781519526,-0.9702216531914908,-0.6196678943824896,-0.9702216531914908,1.3930236866818888,2.0052102508459066,0.9552589927545528,-0.8830107180731559,-0.7940897646191654,-0.09469226533680677,-0.007481330218471962,-0.007481330218471962,-0.26911413557348246,0.5174942988272109,-0.007481330218471962,0.3430724285905352,0.6047052339455458,-0.44524602414581393,-0.8830107180731559,-0.7068788295008245
2.0428135869344253,1.4954568363682657,1.2917413540146934,0.3348959065964006,0.09619897777807446,0.404858799525908,0.5735928354147267,0.5056876746302001,0.6764794426640071,0.6085742818794805,0.9830815322668525,0.8143474963780337,0.3348959065964006,0.19908558502734744,-0.107516504575498,-0.926493898279764,-1.029380505529037,-1.1651908270980902,-1.5746795239502158,-1.2351537200275975,-1.3709640415966433,-1.4738506488459238,-0.6877969694614305,-0.7906835767107109
-1.4527496644056732,-1.5038778176157652,-1.6027255804886114,-1.6027255804886114,-1.5550059708258601,-1.0573586129142856,-1.0573586129142856,-0.709687171085655,0.08450347544445809,0.33332715440024235,0.6809985962288758,0.6298704430187809,0.33332715440024235,1.8228606845876194,0.779846359101722,1.0286700380575062,1.0286700380575062,0.43217491727308854,0.6298704430187809,0.43217491727308854,0.779846359101722,0.6298704430187809,0.43217491727308854,0.4833030704831835
0.2090918381023009,-0.3739360258178012,-0.5717490510764054,-1.1651881268522177,-0.17612300055919713,0.8025309138780947,1.781184828315405,1.0003439391366988,1.0003439391366988,2.572436929349803,1.583371803056801,0.406904863360905,-0.7695620763350094,0.6047178886194906,-0.3739360258178012,-0.17612300055919713,-0.5717490510764054,-0.7695620763350094,-0.7695620763350094,-1.1651881268522177,-1.1651881268522177,-1.1651881268522177,-0.3739360258178012,-0.3739360258178012
-1.086398456928501,-1.385034056043984,-1.4598294437566377,-2.16956669942415,-1.9451805362861891,-1.2354432806186768,-0.3395364832722238,-0.4885813069623996,0.7813024289473215,0.8560978166599752,0.9680179223613898,0.44499616010794596,0.0715651732798054,0.9303472526374973,0.4826668298318346,1.2666535214768728,1.2295288034881118,0.669382323245903,0.5945869355332493,0.29540538468263866,0.7065070412346679,0.14636056099245903,0.14636056099245903,0.5197915478205957
-1.2974941718260617,-1.3910041794576649,-1.320871673733963,-1.3442491756418642,-1.3442491756418642,-1.1102172609374925,-0.87592845060776,-0.9229403500489235,-0.24396521221834902,-0.1034433051455806,0.0838336057429885,0.06045610383508725,1.1139850634428,2.28465842821538,1.582305788476904,1.0906075615348987,0.6926762378498592,0.20097801090785386,0.5755318326849939,0.27136741225691857,0.5053993269612901,0.5755318326849939,0.5053993269612901,0.4116324237043242
2.006446957361989,1.7470243807669688,1.2799939587462081,0.2941183835354015,-0.017293384603208246,0.501551768586833,1.228004767202619,0.9685821906075985,0.4497370374175522,0.19031446082253156,0.39774784587396317,0.7091596140125729,0.605355691299703,-0.017293384603208246,-0.6919316520497085,-1.2625915364090357,-1.4701993818347754,-1.3145807279526247,-0.8993650371011451,-0.9513542286447342,-1.055158151357604,-0.8475503059318593,-0.8475503059318593,-1.003168959814015
-1.513368726913207,-2.0612150870443635,-1.635431480808743,-1.615327027225949,-1.615327027225949,-0.7838642683375066,0.026776020768753146,-0.21591345462355607,0.5545179273171159,0.5947268344827037,0.31111043572542285,0.18904768182988185,-0.41911203904966143,0.18904768182988185,-0.05435980976181121,1.3450537628405819,1.060719347883912,0.8381343260744019,0.8582387796571956,0.5336954575349382,1.202886555362247,1.060719347883912,0.6356537578476803,0.5135910039521393
-1.254917954530787,-2.3157780856255323,-1.3858408019254191,-1.6072544409016367,-0.8120906765783518,-0.36926339862591656,-0.5021115820116485,-0.5463943098068913,0.02928115153127241,0.16212933491700435,0.2949775183027329,0.02928115153127241,-0.015001576263970428,1.357762985388578,0.6049566128694396,0.38354297389322195,0.4721084294837076,0.07356387932651524,-0.14784975964969893,-0.14784975964969893,1.3134802575933318,1.9334384467267385,1.1806320742076033,1.269197529798089
-1.5526100630958413,-1.611539885255144,-1.5820749741754925,-1.670469707414445,-1.434750418777239,-0.9487011417939073,-0.9043820193435228,-0.8895278079727897,0.053349346576037175,0.6428910798308692,0.4217824909025799,0.40692827953184685,0.2155281133450237,0.4363931906114982,0.7458965127787399,1.2321893014238865,0.9816158014159458,0.7312858130698217,0.7164316016990886,0.36285266874327887,0.7018209019901702,0.878610368468075,0.5247879238504507,1.5416926235911281
-1.4623194182769226,-1.524083878078748,-1.466303718112355,-1.488225179559854,-1.4463822189351918,-1.1674656057496628,-0.7969100963491828,-0.8128472956909134,-0.5757580184248108,-0.051799153007550496,-0.04781485317211784,0.42634807665485075,0.2809133203089377,0.5697828707304282,0.5259555725406689,1.1076945979243211,1.0877730987471579,0.9801970031904743,0.9443383046715803,0.8307779470091285,1.1216474597009547,1.2232549178571084,0.8447151840805237,0.89651108194115
-1.2850790389432096,-1.4981947678616658,-1.6353235426675201,-1.7269104674919797,-1.6657686467987287,-1.2392855765309807,-0.2640357946089793,-0.7821057897011886,0.010221755002727798,0.40625972113926895,0.39091136285824496,0.3453695128768519,0.04066685913393631,0.2082407380709975,-0.09646191567191813,0.6958656290319982,1.0765552368875173,0.9701231786437071,1.046110132756307,0.8329944038378527,1.4119546071924771,1.1072519534495615,0.7567558372944153,0.8938846121002697
-1.724052152862551,-1.6340173611981117,-1.6880488098657913,-1.5740117895368448,-1.471975883540152,-0.8717615618922516,-0.8237571045632369,-0.8057818672373945,-0.08550353392188259,0.5086837963873544,0.36461755605523705,0.5146579193809431,0.44265123338742257,0.5326860250518602,0.616693825377636,1.3129170616835644,1.168850821351447,0.9828071150289799,0.8747970860386983,0.4666534620519284,0.9047734376967944,0.8447678660355274,0.4546523477196747,0.6887005113711565
-1.1620218251346919,-1.2028872589291233,-1.3657390622591725,-1.3657390622591725,-1.650577235124835,-1.324873628464741,-0.9991700218046472,-0.8771836522690295,0.5884825777013948,1.2807552248160181,1.2807552248160181,0.18165803530011476,-0.34776280848445523,1.9321624381362057,0.9141861843614886,0.95505161815592,0.9959170519503514,0.18165803530011476,0.09992716771125189,0.262778971041301,0.5073616419602129,0.5482270757546444,0.018806231970070017,0.5482270757546444
-1.105026923855009,-1.2782027850561688,-1.3470428789497968,-1.335748801045373,-1.2663708939182003,-1.0130608609189906,0.1625988676081268,-0.20580319736949357,-0.32143304258144695,-0.32143304258144695,-0.37897905857065134,-0.4827770126446363,-0.6554150606122513,0.07063280467210833,-0.37897905857065134,0.5546647148616801,2.018592336568366,1.7652823035691563,1.77657638147358,0.8429326080412486,0.6353366998932748,0.4739927298300855,1.1080745321784249,0.6815886379780574
0.6703381357176669,-0.09810280408864383,0.6189598170678269,0.004653833211036024,-0.3036160786880075,0.10741047051071985,0.567581498417987,1.3360224382242976,2.153607856739152,1.3874007568741376,1.079130844975094,0.8244730916671905,0.3620682238186233,0.8736175703757343,0.41344654246846324,-0.8665437438949545,-0.8665437438949545,-1.0206786998444781,-1.2239581345025417,-0.9179220625447984,-1.069823178553022,-1.2753364531523856,-1.2753364531523856,-1.4808497277517454
0.20345110638153005,0.06406337954267624,-1.191490190456157,-1.6798792486167236,-1.888428824650426,-0.5637134054567441,0.6918401645420891,-0.006162498101328966,0.6216142868980838,0.9014537690249481,1.2493910718975043,0.8312278913809429,-0.006162498101328966,2.2261691882186296,0.48222656005923004,1.2493910718975043,0.6918401645420891,0.34283883322038383,0.20345110638153005,-0.7733270099396031,-0.3540998009738851,-0.7733270099396031,-1.191490190456157,-1.3308779172950107
0.266512071019427,-0.25770603563101757,-0.10023340280321506,-0.2059058274639732,0.633257544842069,0.3701124873535083,1.1036034349987924,1.1036034349987924,0.7907301776698715,0.6850577530091133,1.1036034349987924,0.7907301776698715,1.0518032268317554,1.4185487006543973,1.3667484924873603,-1.3040702406052225,-1.3579424570989436,-1.3040702406052225,-1.2522700324381855,-1.4097426652659806,-1.5672152980937832,-0.5187790847928941,-0.25770603563101757,-1.1486696161041041
-1.0290685448121784,-1.1954151743998616,-1.1535602159874754,-0.8208669568121132,-1.445471720812313,-0.5300286560491331,-0.4055369848738361,-0.32182706804906785,0.5088328758274863,-0.3636820264614501,-0.3636820264614501,-0.9872135863997962,-1.445471720812313,1.3824209821782798,-0.19733539687377083,-0.030988767286087796,2.2978640469414557,0.8415261350028486,0.7588894222399376,1.4661308990030482,1.2160743525905968,0.5506878342398684,0.7588894222399376,0.5088328758274863
-1.6426924561422012,-1.6712567544387886,-1.6142371818849142,-1.6712567544387886,-1.6521775475612965,-1.0349924610842687,-0.6742319150407275,-0.6932020978789184,-0.009512347428918981,0.6076727390481097,0.6172668545065049,0.7501671584131473,0.5507621905335341,0.5032277093987558,0.3987826797494004,1.0160767902657295,1.291362489498109,0.6457221287637919,0.9306019434545665,0.6362370373446972,0.8830674623197882,0.7975926155086251,0.4652873437223726,0.5697323733717266
0.7296742626700173,0.1471043009516125,0.22465719601396386,0.5745684725453015,0.6133449200764806,0.41946268242059226,0.9632561966078248,1.1959148817948855,1.7009319484509389,1.3519439206703414,1.4682732632638718,0.9244797490766458,0.1471043009516125,0.06955140588925458,-0.12433083176663365,-1.2119178601410856,-1.2119178601410856,-0.8241533848293155,-1.2516175564230045,-1.5618291366724297,-1.2516175564230045,-1.0568120700163761,-0.9792591749540248,-1.0568120700163761
0.6113098374700069,-0.03210001824127767,-0.28949124099454954,-0.8900707607521788,-0.6756462762963527,-0.03210001824127767,-0.16086383078980884,-0.504052127794174,2.198487509943278,2.584506142901283,1.6837050644367342,0.9115313961769185,-0.28949124099454954,0.8257343219258253,-0.41825505354308073,-0.7614433505474458,-0.504052127794174,-0.847240424798539,-1.104631647551811,-0.9330374990496245,0.4825460249214679,0.13935772791710282,-0.9330374990496245,-1.0616649092543653
2.6977475248335807,1.9831127180943935,1.1447415983355045,0.6087316114867471,0.031521362690579556,0.7324679245064487,0.4713070535437311,0.04520960761389784,0.2651702166292013,0.9661167784450705,0.2788584615525196,-0.3533758212918396,-1.026810366083613,-0.6969372161493854,-0.8893858081405931,-0.9167622979872335,-0.8343617740924053,-1.796469206870992,-0.13341521227653613,-0.9854745769587395,-0.7381374780967995,-0.16092722930062808,0.004009345666483734,-0.6969372161493854
-0.5737600426633235,-0.925277652058775,-1.379995181775769,-1.9796026658514827,-2.1037615103884337,-1.2146019319889274,-1.2765674470605797,-0.4703323079481407,0.5012960809511462,0.460061675701256,1.9693320336045979,0.9147792054182499,0.3359028311643047,0.7288826602032867,0.1705095813774632,0.43933056587949393,0.5427583005946768,0.046578551234152284,0.8942759099901283,1.0182069401334393,0.6874204405597562,0.5427583005946768,0.5220271907729147,0.14977847155569468
-0.7754986975144254,-0.6702725955945963,-1.1254366643640776,-1.1955873989772932,-1.4753746312137301,-1.1254366643640776,-0.9149844605244196,2.7230652647656504,1.7784774661365224,1.0435261651306156,1.21890300166366,0.7286635655875767,0.23923983572791835,0.6935881982809631,-0.11069813112173406,0.23923983572791835,0.16908910111470285,-0.18084886573494954,-0.5307868325846019,-0.7754986975144254,-0.49571146527798843,0.6593285371907862,0.09893836650148737,-0.2159242330415515
-0.3907277693364338,-0.8145490815467487,0.03327035610384532,-0.3159357730640247,-0.6400344235777957,-0.21603629813752168,-0.3907277693364338,-0.44058910018470315,1.3050879191947085,1.3549492500429827,1.5045332425878009,1.4546719117395266,1.5543945734360702,1.7290860446349825,0.9809892686809373,0.05820102152798001,-0.14124430186511258,-0.44058910018470315,-0.540311761881247,-0.9144485564732516,-0.41565843476056846,-1.0141712181697955,-1.6376146670031622,-1.6625453324272967
-1.8051423628003127,-1.6056617762779524,-1.986558233394825,-2.113395600547769,-0.39071354121595886,-0.42684297307164926,-0.49948619244106024,2.057632000493906,1.2416449384766335,0.6973973266930854,0.31650086957621265,0.22579293427895916,-0.027881800026934075,0.6793326107652429,-0.11858973532418754,0.6973973266930854,0.3710793730177866,0.00824763182875635,0.11702028305385775,0.31650086957621265,0.31650086957621265,0.9875858485127046,0.5705599595401415,0.3710793730177866
-1.449179479265246,-1.6258612504380532,-1.6512232899670807,-1.6763722031135104,-1.4996904319407063,-1.020156071097748,-0.8939852526003979,-0.9696451184222876,0.06529659546811371,0.6204908221329619,0.7466616406303089,0.4438090509601547,0.19146741396546071,0.9233434118031131,0.6456397352793916,1.049514230300463,0.9487054513321406,0.6204908221329619,0.6204908221329619,0.3427871456092404,0.7971725933057661,0.9738543644785732,0.6204908221329619,1.175898175180405
-1.2279854586854113,-1.1855580066381712,-1.2279854586854113,-0.3781507373755759,0.4703983035691945,0.3006884953802349,0.8098179199470954,0.5552532076636651,0.25826104333300415,1.23537812078455,0.4703983035691945,0.6825355638053848,0.1309786871912845,0.597680659710905,0.640108111758145,0.8959585044066399,1.6172251892096907,1.1505232166900703,0.4703983035691945,-0.20844092918661639,-1.0582756504964517,-1.949252143488462,-2.034107047582933,-1.0158481984492118
-1.5917495683440728,0.030758274774649683,-1.30632410484256,-1.8170742832065045,-1.9521416900420416,-1.441391511678097,-1.516570540011088,1.2924492559223397,1.1573818490868026,0.796777357252299,0.5714526423898733,0.04562418433202479,-0.1945664400877761,0.6614975802802272,-0.13446569144869516,0.6916541396680412,1.112147010005091,0.5865309220837772,0.6614975802802272,0.07578074371983269,0.4814077044995133,0.6013968316411463,0.5865309220837772,0.6013968316411463
-1.383077324491902,-1.7019064823593215,-1.7019064823593215,-1.7019064823593215,-1.5416013191857592,-0.9573780578421096,-0.7454190087570661,-0.8522891175394389,0.31615740514786006,0.6349865630152796,1.0589046611853667,0.5815515086240932,0.5815515086240932,1.4846039278351622,0.9538157208826991,1.0589046611853667,1.0072507752738855,0.423027513930236,0.4764625683214224,0.21106846484519248,0.5281164542329035,0.4764625683214224,0.3695924595390496,0.423027513930236
-2.07333421389738,-0.09427318739627472,-1.2251652025397632,-0.659719194968019,-1.5078882063256354,-0.9424421987538911,-0.8482011974919338,-1.5078882063256354,0.6596548226993844,1.036618827747214,1.036618827747214,0.4711728201754696,-0.18851418865823208,1.319728065144817,-3.2186134317335005e-05,0.848136825223299,1.9794150739785188,0.4711728201754696,-0.18851418865823208,0.848136825223299,0.6596548226993844,0.7538958239613417,-0.28275518992018944,-0.5654781937060616
-1.052109970912227,-1.6887773377264994,-1.6887773377264994,-1.6585174818893187,-1.6887773377264994,-0.5056169744927522,-0.8699456387724027,-0.9607252062839426,-0.020248886864379003,0.16191544527544516,0.040270824809980225,0.2526950127869851,1.3450758085091943,1.6180197081605607,0.9504872883923632,1.1023917646950068,1.0116121971834668,0.5256389124383535,0.5256389124383535,0.4045994890896307,0.7078032445781755,0.586763821229457,0.34407977741526935,0.5565039653922742
-1.5395025241591938,-1.591474344927629,-1.5653664349641414,-1.591474344927629,-1.098596044682376,-0.8911967599257118,-0.9690324914990929,-1.098596044682376,0.06796393228423492,0.22363539543100053,1.3904393715561463,1.3904393715561463,0.7421336073226644,1.1052043552260977,0.5605982333709478,1.027368623652713,0.7682415172861504,0.4051707693827171,0.6125700541393848,0.01623611067433635,0.43103468018766816,0.35319894861428364,0.0421000214792839,1.2089039976044298
-1.6114702973015702,-1.7911975188126512,-1.7911975188126512,-1.8075363571318404,-1.3990653991521098,-0.9246106710371929,-0.41810668314232663,-0.2547182999504357,0.15375265802929597,0.21910801130605234,0.23544684962524143,0.13741381971010688,0.2517856879444305,0.5791908711866457,0.5301743562290784,0.8732899609320515,1.102033697400701,1.0366783441239424,1.1837278889966465,1.0530171824431314,1.281760918911781,0.5465131945482675,0.34981871785956503,0.4641905860938909
-0.06230723628042487,-0.3663311977054948,-0.44292638178545607,-0.5949383624979889,-0.21431921699295775,0.09088313187949762,0.12859153019578554,0.09088313187949762,0.5469190740171004,0.5858058597807738,1.3859309365545094,0.8898298212058438,0.9287166069695171,1.3470441507908362,1.9951572468520349,1.0041334036020928,0.8144130245732679,-0.21431921699295775,-0.40521798346916815,-1.3950634392717247,-1.5847838183005454,-1.6613790023805066,-1.3573550409554367,-1.5093670216679695
-1.1909138405113333,-0.9856210195793674,-1.396206661443299,-1.3272533475424855,-1.12274408699576,-0.6439886916162494,-0.0970635427211656,0.0400595246952213,0.996786755069002,0.996786755069002,1.133909822485389,0.8604472480378498,0.5869846735903052,2.3648831876919436,1.2020795760009677,0.996786755069002,0.9286170015534231,0.5188149200747317,-0.3015728032678967,-0.7121584451318284,-0.5068656241998625,-0.7121584451318284,-0.7803281986474017,-0.8492815125482152
0.9035915247188857,0.6952871382455754,0.6362157450665759,0.36806271024085446,0.9929758696607938,0.6657514416560756,0.9035915247188857,1.0225115662502935,1.201280256134107,1.0225115662502935,0.874055828129386,0.5763670967141675,0.3975984068303542,0.3975984068303542,0.1006869305885446,-0.851450656836113,-1.0892907398989258,-0.6431462703627998,-0.3454575389475814,-1.1491393882513314,-1.6846682027293627,-1.744516851081771,-1.5058995128455492,-1.744516851081771
-1.1693550876078853,-1.541392943228036,-1.3345891941747254,-1.0866335879865607,-1.3345891941747254,-1.4586714436067112,-0.9213994814197235,-0.8800387316090627,-0.0948111632339131,0.1119925858194003,0.07063183600873643,-0.17732377017942544,-0.38412751923273586,0.6492645480063879,-0.05345041342324923,1.0213024036265326,1.806529972001685,0.8972201541945468,0.9799416538158746,0.6906252978170458,1.2278972600040334,1.2692580098146973,0.855859404383889,0.855859404383889
-1.5313046341365149,-1.6722311641348528,-1.601767899135685,-1.601767899135685,-1.3903781041381766,-0.8266719841448241,-0.7562087191456561,-0.7562087191456561,0.33628645648878086,0.37151808898836597,1.0409191064804715,0.5476762514862892,1.0409191064804715,1.9217099189700833,1.1466140039792245,1.0409191064804715,0.6533711489850422,0.2658231914896129,0.33628645648878086,0.05411882834478761,0.23059155899002784,0.5476762514862892,0.37151808898836597,0.23059155899002784
-1.8050710543719366,-1.9141838513094007,-1.8780745803804562,-1.8050710543719366,-0.4980724435742475,-0.4611781884946727,-0.6064002563610842,-0.2798468496993194,0.7005983544366022,0.8819296932319584,0.8097111513740691,0.5914855574991382,0.2649321508373735,0.7005983544366022,0.3371506926952655,1.426708693768654,1.9353784233763995,0.48237276056167416,0.3740449477748403,0.01059728603350074,0.41015421870378493,0.3371506926952655,0.01059728603350074,-0.025511984895443877
0.418277401072483,0.3984955768207659,0.19944097028783878,0.22973188867328365,0.4479501374500631,0.6859502104785598,1.5099868269642451,1.4796959085788004,2.5318416859671196,1.4698049964529374,0.6859502104785598,0.07085911265166432,-0.5646319914348173,-0.5844138156865388,-0.6536502005675532,-0.9615048404849377,-1.150050352884137,-1.318814041031615,-1.2093958256392927,-0.7828502402115968,-0.4848865124200753,-0.6437592884416946,-0.8026320644633139,-0.9713957526107962
-0.9559000323190344,-1.6324973793208493,-0.772723677399029,-1.6935561642941854,-1.5087295719424663,-0.772723677399029,-0.6489558700206489,1.8065974283664408,1.253767888743003,0.4550529717945129,0.639879564146232,1.8676562133397738,0.5161117567678519,0.7619971340928984,1.3758854586896694,0.7009383491195652,0.4550529717945129,0.20916759446946642,-0.15883535280225808,-0.40472073012730453,-0.6489558700206489,-0.6489558700206489,0.20916759446946642,-0.40472073012730453
-0.093568855110373,-0.13988387369343167,0.23439154674805146,0.7488637801977182,0.9829423876310177,0.842745574622843,1.0768241820561426,0.5611001913474772,2.199650443380592,1.217020995064326,0.7012970043556608,0.00031293931475189873,0.2807065653311101,0.9353756117889603,0.5611001913474772,-1.0298832848435802,-1.1700800978517636,-1.3102769108599384,-1.3102769108599384,-1.4980404997101882,-0.9823165090015228,-1.3102769108599384,-0.42152925696879745,-1.0761983034266387
1.5775690301531355,1.1716972308293412,0.8074877685222261,0.4835966968764167,0.6448702595216298,0.8881245498448327,1.1716972308293412,1.050742058845429,1.0104236681841234,1.0104236681841234,0.6448702595216298,0.40161596919843173,0.03740650689131664,-0.1252110021092749,-0.4491020737550891,-1.2595017260472994,-1.786328697355006,-0.6520379734169863,-0.8952922637401844,-1.2595017260472994,-1.0982281634020816,-1.3818008443865901,-0.8549738730788835,-1.1385465540633872
-1.449922805055131,-1.5987044003617445,0.4269151547867263,-0.10895621878514253,-0.1688553026098803,0.4565426586140167,0.27813355948011276,-0.3775359817412362,0.665223337745368,1.6184560695799441,0.8140049330519816,1.4104194666187497,1.4696744742733305,2.0061899240153562,1.0825846960080754,-0.615844164699878,-0.6454716685271683,-0.10895621878514253,-0.34790847791394586,-0.9733064391378429,-0.7942532638337819,-1.0029339429651332,-1.1517155382717468,-0.8837798514858101
-0.8654143619425415,-0.6520004957515219,-0.581042408762597,-0.7941864723414941,-0.5098145191615496,0.7706686779845722,1.0550406311645166,2.3355238283106425,2.19333785172067,1.4106404739455085,0.9840825441755957,0.841626764973497,0.13042707941151319,0.05919918981046192,0.34384094560253287,-0.22517276336947872,-0.7232283853525693,-0.29640065297053,-0.581042408762597,-1.0076003385325139,-1.0076003385325139,-0.8654143619425415,-0.9366422515435889,-1.0788282281335613
-1.591718075248955,-1.9718080631776944,-1.8632804481865182,-1.1571209443650048,-1.5104440317353824,-0.7497773849586615,-0.3156669249939531,-0.6412497699674853,0.4990201938187367,0.4172594793859223,0.607547808809913,0.1729506779259627,0.36323900734995335,2.0193801455336984,0.9331306537834417,0.9063637532250799,0.6888218523234856,0.4172594793859223,0.36323900734995335,-0.20713931000277683,0.3359854358723497,0.8518566102698726,0.7433289952786963,0.6888218523234856
-1.4049336966651784,-1.4361535196251873,-1.420543608145183,-1.420543608145183,-1.3893793364715799,-1.0618489518235223,-1.0930132234971237,-1.1242330464571326,-0.3444040878937936,0.4977534140167497,1.2931922840600916,1.2931922840600916,1.137204271832862,1.1528141833128664,0.8252837986648073,1.2308081894264813,1.0436559055256487,0.24821703548230528,0.46658914234314675,0.18583294084869498,0.4198149591895393,0.38859513622953196,0.154668669175092,0.357430864555929
-1.4968561454376739,-1.2282413144932731,-1.2770803746649824,-1.4153925930712625,-1.4153925930712625,-1.2526608445791276,-0.8537434010966063,-0.3164160610874608,-0.3164160610874608,-0.36525512125917003,0.009145114017152844,-0.15368431259532592,-0.15368431259532592,0.2940721910589047,0.7662482247989899,0.8964531592167666,0.8313995310680502,0.554579738014802,0.5382674919174509,0.44058937157403244,1.1325411760868094,1.702395330170313,1.702395330170313,1.3767364769453554
-1.2589605155705417,-1.2946748218619277,-0.9714978124839301,-1.6540656383185985,-1.977242647696596,-1.151068345515442,-0.6121069960272592,0.9325991886735896,0.7887429619334638,0.6811005422720113,0.8606710753035232,1.219812141366554,0.5015300092404995,1.435346731083099,0.6811005422720113,0.5015300092404995,1.36366836810668,0.8606710753035232,0.5015300092404995,0.3217097258153404,-0.0014672835626571696,-0.21700187327920226,-0.54042863305084,-0.9714978124839301
-1.0619143838247413,-1.167668538450475,-1.251820472466683,-1.3251712961781286,-1.0575616975825246,-0.8354134886278602,-1.0575616975825246,-0.9821151360507513,-0.636802027501483,-0.3390460464134831,-0.2937458673741058,-0.2268434677252048,0.1334622267694793,0.3383609013568368,0.316758680747312,0.6382126202651645,0.7073719683359554,0.3383609013568368,0.5066647693892525,0.6404695686870544,1.065581925010313,1.5790376909904336,1.6760864731317306,2.295296393737584
-0.424349282029114,-0.184009865658639,0.2451676635743501,0.48550707994482506,0.6743451928073431,0.914684609177818,0.6271356645917135,0.5327166081604545,1.4425729701343937,2.4468483885395917,1.824540971151757,0.6271356645917135,-0.47155881024474344,0.15074860714309493,-0.518768338460373,-0.518768338460373,-0.518768338460373,-0.37713975381348447,-0.57026964196833,-1.1925770593561684,-1.145367531140539,-1.2869961157874235,-1.428624700434312,-1.334205644003053
